Profile Name,Country Iso Code,Device,Is Kids,Query Typed,Displayed Name,Action,Section,Utc Timestamp
SAMARTH,CA,HTML 5,0,fact,October Faction,play,title_results,2022-01-19 02:58:21
SAMARTH,CA,HTML 5,0,dont fuck,Don't F**k with Cats: Hunting an Internet Killer,play,title_results,2022-01-15 00:58:43
SAMARTH,CA,iPhone,0,elit,,play,video_info,2022-01-15 00:29:47
SAMARTH,CA,iPhone,0,elit,,play,video_info,2022-01-15 00:26:23
SAMARTH,CA,iPhone,0,elit,,play,video_info,2022-01-15 00:25:45
SAMARTH,CA,iPhone,0,elit,,view_video_info,suggestion_title_results,2022-01-15 00:25:25
SAMARTH,CA,iPhone,0,,Money Heist,view_video_info,popularSearches,2022-01-15 00:24:55
SAMARTH,CA,HTML 5,0,narcos,Narcos,play,title_results,2022-01-14 08:46:39
SAMARTH,CA,HTML 5,0,narcos,Narcos,play,title_results,2022-01-14 05:15:35
SAMARTH,CA,HTML 5,0,upstart,Made in China,play,title_results,2022-01-13 01:48:15
SAMARTH,CA,HTML 5,0,dont fuck ,Don't F**k with Cats: Hunting an Internet Killer,play,title_results,2022-01-13 01:46:58
SAMARTH,CA,HTML 5,0,shah,Kabhi Khushi Kabhie Gham,play,title_results,2022-01-12 04:49:13
SAMARTH,CA,HTML 5,0,tere n,Hum Aapke Hain Koun,play,title_results,2022-01-12 04:47:30
SAMARTH,CA,HTML 5,0,holidate,The Perfect Date,play,title_results,2022-01-06 06:27:24
SAMARTH,CA,HTML 5,0,matrix,The Matrix Revolutions,play,title_results,2022-01-04 06:54:00
SAMARTH,CA,HTML 5,0,matrix,The Matrix Reloaded,play,title_results,2022-01-04 06:09:06
SAMARTH,CA,HTML 5,0,cowbouy,Cowboy Bebop,play,title_results,2021-12-07 04:27:47
SAMARTH,BR,HTML 5,0,harry,Harry Potter and the Sorcerer's Stone,view_suggestion_info,suggestion_results,2021-11-19 21:31:55
SAMARTH,CA,HTML 5,0,comedy pre,,play,,2021-11-11 22:39:58
SAMARTH,CA,HTML 5,0,comedy pre,Comedy Premium League,play,title_results,2021-11-11 21:03:48
Saksham,CA,HTML 5,0,shah ,Dostana,play,title_results,2022-01-18 08:54:57
Triansh,CA,iPhone,0,wit,,play,video_info,2022-01-21 11:32:41
Triansh,CA,iPhone,0,wit,,play,video_info,2022-01-21 11:32:39
Triansh,CA,iPhone,0,wit,,view_video_info,suggestion_title_results,2022-01-21 11:32:33
