Profile Name,Start Time,Duration,Attributes,Title,Supplemental Video Type,Device Type,Bookmark,Latest Bookmark,Country
SAMARTH,2022-02-16 03:13:14,00:00:10,Autoplayed: user action: None; ,Season 2 Trailer: Love Is Blind,TRAILER,Netflix Opera Other,00:00:10,00:00:10,CA (Canada)
SAMARTH,2022-02-16 03:12:20,00:00:04,Autoplayed: user action: None; ,Once Upon a Time in Hollywood_hook_02_16x9,HOOK,Netflix Opera Other,00:00:04,00:00:04,CA (Canada)
SAMARTH,2022-02-15 09:47:02,00:00:07,Autoplayed: user action: None; ,Suits: Season 1_hook_primary_16x9,HOOK,Netflix Opera Other,00:00:07,00:00:07,CA (Canada)
SAMARTH,2022-02-15 05:34:32,00:00:08,Autoplayed: user action: None; ,Focus_hook_primary_16x9,HOOK,Netflix Opera Other,00:00:08,00:00:08,CA (Canada)
SAMARTH,2022-02-11 22:32:37,00:00:19,Autoplayed: user action: None; ,Season 2 Genre Specific Moment Clip: Raising Dion,HOOK,Netflix Opera Other,00:00:19,00:00:19,CA (Canada)
SAMARTH,2022-02-11 22:31:18,00:00:58,Autoplayed: user action: None; ,Teaser 2: Inventing Anna,TEASER_TRAILER,Netflix Opera Other,00:00:58,00:00:58,CA (Canada)
SAMARTH,2022-02-11 00:33:58,00:00:07,Autoplayed: user action: None; ,Happy Gilmore_hook_primary_16x9,HOOK,Netflix Opera Other,00:00:07,00:00:07,CA (Canada)
SAMARTH,2022-02-10 05:41:37,00:00:04,Autoplayed: user action: None; ,Johnny English Reborn_hook_primary_16x9,HOOK,Netflix Opera Other,00:00:04,00:00:04,CA (Canada)
SAMARTH,2022-02-09 18:06:29,00:00:17,Autoplayed: user action: None; ,Season 1 Main Character Intro Clip: Archive 81,HOOK,Netflix Opera Other,00:00:17,00:00:17,CA (Canada)
SAMARTH,2022-02-09 07:28:16,00:00:07,Autoplayed: user action: None; ,The Other Guys_hook_primary_16x9,HOOK,Netflix Opera Other,00:00:07,00:00:07,CA (Canada)
SAMARTH,2022-02-09 06:21:08,00:52:35,,We're the Millers,,Netflix Opera Other,01:45:35,01:45:35,CA (Canada)
SAMARTH,2022-02-09 06:20:22,00:00:33,Autoplayed: user action: None; ,Harold & Kumar Escape from Guantanamo Bay_hook_primary_16x9,HOOK,Netflix Opera Other,00:00:00,00:00:00,CA (Canada)
SAMARTH,2022-02-09 01:40:36,00:22:35,,We're the Millers,,Netflix Opera Other,00:23:34,Not latest view,CA (Canada)
SAMARTH,2022-02-09 01:39:47,00:00:38,Autoplayed: user action: None; ,That's My Boy_hook_primary_16x9,HOOK,Netflix Opera Other,00:00:38,00:00:38,CA (Canada)
SAMARTH,2022-02-09 01:39:15,00:00:26,Autoplayed: user action: None; ,Superbad_hook_primary_16x9,HOOK,Netflix Opera Other,00:00:26,00:00:26,CA (Canada)
SAMARTH,2022-02-09 01:38:56,00:00:11,Autoplayed: user action: None; ,Jackass: The Movie_hook_primary_16x9,HOOK,Netflix Opera Other,00:00:11,00:00:11,CA (Canada)
SAMARTH,2022-02-09 01:37:09,00:00:55,Autoplayed: user action: None; ,Season 1 Teaser: The Witcher: Blood Origin,TEASER_TRAILER,Netflix Opera Other,00:00:55,00:00:55,CA (Canada)
SAMARTH,2022-02-09 01:36:12,00:00:51,Autoplayed: user action: None; ,Season 1 Teaser: Juvenile Justice,TEASER_TRAILER,Netflix Opera Other,00:00:51,00:00:51,CA (Canada)
SAMARTH,2022-02-09 01:34:58,00:00:56,Autoplayed: user action: None; ,Season 1 First Look: The Sandman,TEASER_TRAILER,Netflix Opera Other,00:00:56,00:00:56,CA (Canada)
SAMARTH,2022-02-09 01:34:37,00:00:12,Autoplayed: user action: None; ,Season 3 Teaser: The Umbrella Academy,TEASER_TRAILER,Netflix Opera Other,00:00:12,00:00:12,CA (Canada)
SAMARTH,2022-02-09 01:33:11,00:01:06,Autoplayed: user action: None; ,Season 1 Teaser 1: Vikings: Valhalla,TEASER_TRAILER,Netflix Opera Other,00:01:06,00:01:06,CA (Canada)
SAMARTH,2022-02-08 23:26:53,00:00:42,,EDENS ZERO: Season 1: Taking Up the Torch (Episode 24),,Chrome PC (Cadmium),00:21:52,00:21:52,CA (Canada)
SAMARTH,2022-02-08 23:24:45,00:01:55,,EDENS ZERO: Season 1: Until the Day it Turns to Strength (Episode 23),,Chrome PC (Cadmium),00:22:21,00:22:21,CA (Canada)
SAMARTH,2022-02-08 23:22:31,00:01:52,,"EDENS ZERO: Season 1: My Mother, the Machine (Episode 22)",,Chrome PC (Cadmium),00:22:09,00:22:09,CA (Canada)
SAMARTH,2022-02-08 23:22:06,00:00:10,,EDENS ZERO: Season 1: Reset (Episode 21),,Chrome PC (Cadmium),00:20:42,00:20:42,CA (Canada)
SAMARTH,2022-02-08 23:21:27,00:00:19,,EDENS ZERO: Season 1: Stones (Episode 20),,Chrome PC (Cadmium),00:22:30,00:22:30,CA (Canada)
SAMARTH,2022-02-08 23:15:39,00:05:32,,EDENS ZERO: Season 1: From the Planet of Eternity (Episode 19),,Chrome PC (Cadmium),00:22:56,00:22:56,CA (Canada)
SAMARTH,2022-02-08 23:07:22,00:08:10,,EDENS ZERO: Season 1: Words Will Give You Strength (Episode 18),,Chrome PC (Cadmium),00:22:00,00:22:00,CA (Canada)
SAMARTH,2022-02-08 23:02:22,00:04:44,,Angry Birds: Summer Madness: Season 1: Cabin Raid! (Episode 1),,Chrome PC (Cadmium),00:04:44,00:04:44,CA (Canada)
SAMARTH,2022-02-08 23:02:13,00:00:06,Autoplayed: user action: None; ,Season 1 Trailer: Angry Birds: Summer Madness,TRAILER,Chrome PC (Cadmium),00:00:06,00:00:06,CA (Canada)
SAMARTH,2022-02-08 04:20:34,00:01:27,,Scissor Seven: Season 1: Assassinating a pretty girl (Episode 6),,Netflix Opera Other,00:01:53,00:01:53,CA (Canada)
SAMARTH,2022-02-08 03:56:25,00:11:21,,Scissor Seven: Season 1: Assassinating a Domineering Grannie (Episode 5),,Netflix Opera Other,00:11:56,00:11:56,CA (Canada)
SAMARTH,2022-02-08 03:29:02,00:10:14,,Scissor Seven: Season 1: Assassinating underpantsman (Episode 4),,Netflix Opera Other,00:10:30,00:10:30,CA (Canada)
SAMARTH,2022-02-08 03:28:27,00:00:14,Autoplayed: user action: None; ,Scissor Seven: Season 1 (Trailer),TRAILER,Netflix Opera Other,00:00:14,00:00:14,CA (Canada)
SAMARTH,2022-02-07 20:00:48,00:12:47,,EDENS ZERO: Season 1: Words Will Give You Strength (Episode 18),,Netflix Opera Other,00:14:25,Not latest view,CA (Canada)
SAMARTH,2022-02-07 19:40:40,00:20:06,,EDENS ZERO: Season 1: The Temple of Knowledge (Episode 17),,Netflix Opera Other,00:22:01,00:22:01,CA (Canada)
SAMARTH,2022-02-07 19:21:11,00:19:08,,EDENS ZERO: Season 1: Fireworks (Episode 16),,Netflix Opera Other,00:22:06,00:22:06,CA (Canada)
SAMARTH,2022-02-06 12:11:53,00:12:50,,EDENS ZERO: Season 1: Great Kaiju Shiki (Episode 15),,Netflix Opera Other,00:22:04,00:22:04,CA (Canada)
SAMARTH,2022-02-06 12:03:55,00:06:59,,EDENS ZERO: Season 1: The Girl on the Hill (Episode 14),,Netflix Opera Other,00:22:09,00:22:09,CA (Canada)
SAMARTH,2022-02-06 11:45:40,00:17:49,,EDENS ZERO: Season 1: The Super Virtual Planet (Episode 13),,Netflix Opera Other,00:22:05,00:22:05,CA (Canada)
SAMARTH,2022-02-06 11:44:42,00:00:22,Autoplayed: user action: None; ,Sword Art Online II: Season 1_hook_primary_16x9,HOOK,Netflix Opera Other,00:00:22,00:00:22,CA (Canada)
SAMARTH,2022-02-05 23:43:58,00:04:51,,Seinfeld: Season 3: The Dog (Episode 4),,Netflix Opera Other,00:10:34,00:10:34,CA (Canada)
SAMARTH,2022-02-05 18:26:25,00:08:59,,The Dragon Prince: Season 1: Through the Ice (Episode 6),,Netflix Opera Other,00:24:15,00:24:15,CA (Canada)
SAMARTH,2022-02-05 18:25:29,00:00:54,Autoplayed: user action: None; ,The Dragon Prince (Trailer),TRAILER,Netflix Opera Other,00:00:54,00:00:54,CA (Canada)
SAMARTH,2022-02-05 00:32:57,00:13:51,,Shadow and Bone: Season 1: Otkazat’sya (Episode 4),,DefaultWidevineAndroidPhone,00:45:28,00:45:28,CA (Canada)
SAMARTH,2022-02-05 00:21:53,00:00:07,,Disenchantment: Part 3 - Clip 3,PROMOTIONAL,DefaultWidevineAndroidPhone,00:00:07,00:00:07,CA (Canada)
SAMARTH,2022-02-05 00:21:37,00:00:15,,Not Another Teen Movie - Clip 2,PROMOTIONAL,DefaultWidevineAndroidPhone,00:00:15,00:00:15,CA (Canada)
SAMARTH,2022-02-05 00:21:32,00:00:04,,The Ugly Truth - Clip 2,PROMOTIONAL,DefaultWidevineAndroidPhone,00:00:04,00:00:04,CA (Canada)
SAMARTH,2022-02-05 00:21:08,00:00:20,,Poms - Clip 2,PROMOTIONAL,DefaultWidevineAndroidPhone,00:00:20,00:00:20,CA (Canada)
SAMARTH,2022-02-05 00:20:53,00:00:13,,The Duchess: Season 1 - Clip 4,PROMOTIONAL,DefaultWidevineAndroidPhone,00:00:13,00:00:13,CA (Canada)
SAMARTH,2022-02-05 00:20:20,00:00:29,,The Kissing Booth 2 - Clip 1,PROMOTIONAL,DefaultWidevineAndroidPhone,00:00:29,00:00:29,CA (Canada)
SAMARTH,2022-02-05 00:20:04,00:00:15,,Space Force: Season 1 - Clip 8,PROMOTIONAL,DefaultWidevineAndroidPhone,00:00:15,00:00:15,CA (Canada)
SAMARTH,2022-02-05 00:19:49,00:00:14,,Ibiza - Clip 6,PROMOTIONAL,DefaultWidevineAndroidPhone,00:00:14,00:00:14,CA (Canada)
SAMARTH,2022-02-05 00:19:30,00:00:19,,Seinfeld: Season 5 - Clip 11,PROMOTIONAL,DefaultWidevineAndroidPhone,00:00:19,00:00:19,CA (Canada)
SAMARTH,2022-02-05 00:19:10,00:00:19,,After Life: Season 1 - Clip 7,PROMOTIONAL,DefaultWidevineAndroidPhone,00:00:19,00:00:19,CA (Canada)
SAMARTH,2022-02-05 00:19:00,00:00:09,,To All the Boys: P.S. I Still Love You - Clip 1,PROMOTIONAL,DefaultWidevineAndroidPhone,00:00:09,00:00:09,CA (Canada)
SAMARTH,2022-02-05 00:18:47,00:00:12,,Cooking With Paris: Season 1 - Clip 6,PROMOTIONAL,DefaultWidevineAndroidPhone,00:00:12,00:00:12,CA (Canada)
SAMARTH,2022-02-05 00:18:38,00:00:09,,The Umbrella Academy: Season 1 - Clip 1,PROMOTIONAL,DefaultWidevineAndroidPhone,00:00:09,00:00:09,CA (Canada)
SAMARTH,2022-02-05 00:18:18,00:00:19,,Red Notice - Clip 2,PROMOTIONAL,DefaultWidevineAndroidPhone,00:00:19,00:00:19,CA (Canada)
SAMARTH,2022-02-05 00:17:36,00:00:41,,The Package - Clip 1,PROMOTIONAL,DefaultWidevineAndroidPhone,00:00:41,00:00:41,CA (Canada)
SAMARTH,2022-02-05 00:17:20,00:00:15,,Despicable Me - Clip 1,PROMOTIONAL,DefaultWidevineAndroidPhone,00:00:15,00:00:15,CA (Canada)
SAMARTH,2022-02-05 00:17:09,00:00:10,,"Breakfast, Lunch & Dinner: Season 1 - Clip 1",PROMOTIONAL,DefaultWidevineAndroidPhone,00:00:10,00:00:10,CA (Canada)
SAMARTH,2022-02-05 00:16:59,00:00:10,,The Lovebirds - Clip 5,PROMOTIONAL,DefaultWidevineAndroidPhone,00:00:10,00:00:10,CA (Canada)
SAMARTH,2022-02-05 00:16:28,00:00:30,,Not Another Teen Movie - Clip 1,PROMOTIONAL,DefaultWidevineAndroidPhone,00:00:30,00:00:30,CA (Canada)
SAMARTH,2022-02-05 00:16:12,00:00:15,,Grown Ups 2 - Clip 3,PROMOTIONAL,DefaultWidevineAndroidPhone,00:00:15,00:00:15,CA (Canada)
SAMARTH,2022-02-05 00:15:57,00:00:14,,Sex Education: Season 1 - Clip 1,PROMOTIONAL,DefaultWidevineAndroidPhone,00:00:14,00:00:14,CA (Canada)
SAMARTH,2022-02-05 00:15:48,00:00:09,,Unbreakable Kimmy Schmidt: Season 3 - Clip 6,PROMOTIONAL,DefaultWidevineAndroidPhone,00:00:09,00:00:09,CA (Canada)
SAMARTH,2022-02-05 00:15:41,00:00:06,,London Hughes: To Catch a D*ck - Clip 3,PROMOTIONAL,DefaultWidevineAndroidPhone,00:00:06,00:00:06,CA (Canada)
SAMARTH,2022-02-05 00:15:29,00:00:11,,Fabulous Lives of Bollywood Wives: Season 1 - Clip 3,PROMOTIONAL,DefaultWidevineAndroidPhone,00:00:11,00:00:11,CA (Canada)
SAMARTH,2022-02-05 00:15:16,00:00:11,,Fabulous Lives of Bollywood Wives: Season 1 - Clip 3,PROMOTIONAL,DefaultWidevineAndroidPhone,00:00:11,Not latest view,CA (Canada)
SAMARTH,2022-02-05 00:14:58,00:00:05,,The Kissing Booth - Clip 2,PROMOTIONAL,DefaultWidevineAndroidPhone,00:00:05,00:00:05,CA (Canada)
SAMARTH,2022-02-04 04:43:32,00:08:26,,Horrible Bosses,,Netflix Opera Other,01:31:18,01:31:18,CA (Canada)
SAMARTH,2022-02-04 04:40:33,00:01:40,,Horrible Bosses 2,,Netflix Opera Other,01:22:59,01:22:59,CA (Canada)
SAMARTH,2022-02-04 04:40:06,00:00:11,Autoplayed: user action: None; ,Horrible Bosses 2_hook_primary_16x9,HOOK,Netflix Opera Other,00:00:11,00:00:11,CA (Canada)
SAMARTH,2022-02-03 11:12:25,00:01:27,,Superstore: Season 5: Mall Closing (Episode 4),,Netflix Opera Other,00:01:27,00:01:27,CA (Canada)
SAMARTH,2022-02-03 11:11:36,00:00:45,,Superstore: Season 4: Back to School (Episode 1),,Netflix Opera Other,00:02:38,00:02:38,CA (Canada)
SAMARTH,2022-02-03 11:11:01,00:00:28,,Superstore: Season 1: Pilot (Episode 1),,Netflix Opera Other,00:01:11,00:01:11,CA (Canada)
SAMARTH,2022-02-02 03:16:01,00:30:58,,Shadow and Bone: Season 1: Otkazat’sya (Episode 4),,Netflix Opera Other,00:31:35,Not latest view,CA (Canada)
SAMARTH,2022-02-02 03:14:14,00:01:24,Autoplayed: user action: None; ,Transporter 3_hook_primary_16x9,HOOK,Netflix Opera Other,00:00:00,00:00:00,CA (Canada)
SAMARTH,2022-02-01 23:56:11,00:12:27,,Brooklyn Nine-Nine: Season 2: The Pontiac Bandit Returns (Episode 10),,Netflix Opera Other,00:12:52,00:12:52,CA (Canada)
SAMARTH,2022-02-01 23:53:54,00:01:47,,Brooklyn Nine-Nine: Season 2: Chocolate Milk (Episode 2),,Netflix Opera Other,00:04:23,00:04:23,CA (Canada)
SAMARTH,2022-02-01 23:53:38,00:00:11,,Brooklyn Nine-Nine: Season 2: Undercover (Episode 1),,Netflix Opera Other,00:00:55,00:00:55,CA (Canada)
SAMARTH,2022-02-01 23:53:00,00:00:22,Autoplayed: user action: None; ,Season 2 Supporting Character Clip: Raising Dion,HOOK,Netflix Opera Other,00:00:22,00:00:22,CA (Canada)
SAMARTH,2022-02-01 05:30:11,00:00:19,,Shadow and Bone: Season 1: Otkazat’sya (Episode 4),,Netflix Opera Other,00:00:37,Not latest view,CA (Canada)
SAMARTH,2022-02-01 05:07:44,00:22:26,,Shadow and Bone: Season 1: The Making at the Heart of the World (Episode 3),,Netflix Opera Other,00:42:20,00:42:20,CA (Canada)
SAMARTH,2022-02-01 05:07:36,00:00:05,Autoplayed: user action: None; ,Season 1 Teaser: Shadow and Bone,TEASER_TRAILER,Netflix Opera Other,00:00:05,00:00:05,CA (Canada)
SAMARTH,2022-01-31 19:10:28,00:19:24,,Shadow and Bone: Season 1: The Making at the Heart of the World (Episode 3),,DefaultWidevineAndroidPhone,00:19:54,Not latest view,CA (Canada)
SAMARTH,2022-01-31 19:10:22,00:00:04,,Shadow and Bone: Season 1: We’re All Someone’s Monster (Episode 2),,DefaultWidevineAndroidPhone,00:45:47,00:45:47,CA (Canada)
SAMARTH,2022-01-31 06:05:20,00:45:17,,Shadow and Bone: Season 1: We’re All Someone’s Monster (Episode 2),,Netflix Opera Other,00:46:45,Not latest view,CA (Canada)
SAMARTH,2022-01-31 06:05:05,00:00:10,Autoplayed: user action: None; ,Season 1 Direct Lift Hook 3: Shadow and Bone,HOOK,Netflix Opera Other,00:00:10,00:00:10,CA (Canada)
SAMARTH,2022-01-31 06:04:25,00:00:14,Autoplayed: user action: None; ,Season 1 Trailer: The Immortal,TRAILER,Netflix Opera Other,00:00:14,00:00:14,CA (Canada)
SAMARTH,2022-01-31 06:03:02,00:00:08,Autoplayed: user action: None; ,Bureau of Magical Things: Season 1_hook_02_16x9,HOOK,Netflix Opera Other,00:00:08,00:00:08,CA (Canada)
SAMARTH,2022-01-31 06:02:03,00:00:46,Autoplayed: user action: None; ,The Protector: Season 1 (Trailer),TRAILER,Netflix Opera Other,00:00:47,00:00:47,CA (Canada)
SAMARTH,2022-01-31 06:00:24,00:00:37,Autoplayed: user action: None; ,Season 1 Bonus Video 6: Warrior Nun,HOOK,Netflix Opera Other,00:00:37,00:00:37,CA (Canada)
SAMARTH,2022-01-31 05:58:19,00:01:08,Autoplayed: user action: None; ,Sweet Home: Season 1_CLIP_MUSIC_NON1,HOOK,Netflix Opera Other,00:01:08,00:01:08,CA (Canada)
SAMARTH,2022-01-31 05:57:13,00:00:26,Autoplayed: user action: None; ,Crash Landing on You: Season 1_CLIP_MUSIC_1,HOOK,Netflix Opera Other,00:00:26,00:00:26,CA (Canada)
SAMARTH,2022-01-31 05:54:53,00:02:00,,Unbreakable Kimmy Schmidt (Trailer),TRAILER,Netflix Opera Other,00:02:00,00:02:00,CA (Canada)
SAMARTH,2022-01-31 00:20:08,01:10:18,,Zindagi Na Milegi Dobara,,Netflix Opera Other,02:00:53,02:00:53,CA (Canada)
SAMARTH,2022-01-31 00:18:55,00:00:16,Autoplayed: user action: None; ,Stree_hook_primary_16x9,HOOK,Netflix Opera Other,00:00:16,00:00:16,CA (Canada)
SAMARTH,2022-01-30 19:01:47,00:19:56,,Kim's Convenience: Season 2: Handy Graduation (Episode 13),,DefaultWidevineAndroidPhone,00:21:30,00:21:30,CA (Canada)
SAMARTH,2022-01-30 07:37:12,00:01:07,Autoplayed: user action: None; ,Season 1 Trailer: In From the Cold,TRAILER,Netflix Opera Other,00:01:07,00:01:07,CA (Canada)
SAMARTH,2022-01-30 07:34:55,00:02:00,,Trailer: Home Team,TRAILER,Netflix Opera Other,00:00:00,00:00:00,CA (Canada)
SAMARTH,2022-01-30 05:54:38,00:00:50,,Kim's Convenience: Season 2: Handy Graduation (Episode 13),,Netflix Opera Other,00:00:54,Not latest view,CA (Canada)
SAMARTH,2022-01-30 05:38:04,00:15:21,,Kim's Convenience: Season 2: Appa’s First Text (Episode 12),,Netflix Opera Other,00:21:28,00:21:28,CA (Canada)
SAMARTH,2022-01-30 05:37:54,00:00:07,,Kim's Convenience: Season 2: Good Neighbours (Episode 11),,Netflix Opera Other,00:17:54,00:17:54,CA (Canada)
SAMARTH,2022-01-30 05:36:52,00:00:53,Autoplayed: user action: None; ,Season 1 Villain / Antagonist Clip: The Woman in the House Across the Street from the Girl in the Window,HOOK,Netflix Opera Other,00:00:53,00:00:53,CA (Canada)
SAMARTH,2022-01-29 08:50:20,00:01:16,Autoplayed: user action: None; ,Season 1 Main Character Intro Clip: Archive 81,HOOK,Netflix Opera Other,00:01:16,Not latest view,CA (Canada)
SAMARTH,2022-01-29 08:49:40,00:00:33,Autoplayed: user action: None; ,Deadly Class: Season 1_hook_01_16x9,HOOK,Netflix Opera Other,00:00:33,00:00:33,CA (Canada)
SAMARTH,2022-01-29 08:48:59,00:00:04,Autoplayed: user action: None; ,Naruto: Season 1_hook_primary_16x9,HOOK,Netflix Opera Other,00:00:04,00:00:04,CA (Canada)
SAMARTH,2022-01-29 08:48:49,00:00:05,Autoplayed: user action: None; ,Season 2 Trailer: Snowpiercer,TRAILER,Netflix Opera Other,00:00:05,00:00:05,CA (Canada)
SAMARTH,2022-01-29 08:48:19,00:00:26,Autoplayed: user action: None; ,Archer: Season 1_hook_primary_16x9,HOOK,Netflix Opera Other,00:00:26,00:00:26,CA (Canada)
SAMARTH,2022-01-29 08:48:04,00:00:08,Autoplayed: user action: None; ,The Umbrella Academy: Season 1_VAR2-RECIPE-1_AGENCY1,TEASER_TRAILER,Netflix Opera Other,00:00:08,00:00:08,CA (Canada)
SAMARTH,2022-01-29 08:47:26,00:00:30,Autoplayed: user action: None; ,Everybody Loves Raymond: Season 1_hook_02_16x9,HOOK,Netflix Opera Other,00:01:41,00:01:41,CA (Canada)
SAMARTH,2022-01-29 08:46:10,00:01:11,Autoplayed: user action: None; ,Everybody Loves Raymond: Season 1_hook_02_16x9,HOOK,Netflix Opera Other,00:01:11,Not latest view,CA (Canada)
SAMARTH,2022-01-29 08:45:48,00:00:15,Autoplayed: user action: None; ,The IT Crowd: Series 1_hook_primary_16x9,HOOK,Netflix Opera Other,00:00:15,00:00:15,CA (Canada)
SAMARTH,2022-01-29 08:45:17,00:00:08,Autoplayed: user action: None; ,Season 1 Cliffhanger Clip: All of Us Are Dead,HOOK,Netflix Opera Other,00:00:18,00:00:18,CA (Canada)
SAMARTH,2022-01-29 08:45:02,00:00:18,Autoplayed: user action: None; ,Season 1 Cliffhanger Clip: All of Us Are Dead,HOOK,Netflix Opera Other,00:00:18,Not latest view,CA (Canada)
SAMARTH,2022-01-28 06:24:23,00:13:30,,Kim's Convenience: Season 2: Good Neighbours (Episode 11),,Chrome PC (Cadmium),00:17:58,Not latest view,CA (Canada)
SAMARTH,2022-01-28 06:17:05,00:07:09,,Kim's Convenience: Season 2: Janet’s Boyfriend (Episode 10),,Chrome PC (Cadmium),00:21:29,00:21:29,CA (Canada)
SAMARTH,2022-01-28 06:16:56,00:00:06,Autoplayed: user action: None; ,Blumhouse's Fantasy Island_hook_primary_16x9,HOOK,Chrome PC (Cadmium),00:00:06,00:00:06,CA (Canada)
SAMARTH,2022-01-28 05:55:11,00:11:04,,Kim's Convenience: Season 2: Janet’s Boyfriend (Episode 10),,DefaultWidevineAndroidPhone,00:11:17,Not latest view,CA (Canada)
SAMARTH,2022-01-28 05:46:32,00:08:33,,Kim's Convenience: Season 2: New TV (Episode 9),,DefaultWidevineAndroidPhone,00:21:27,00:21:27,CA (Canada)
SAMARTH,2022-01-28 05:42:14,00:03:17,,Welcome,,DefaultWidevineAndroidPhone,00:42:23,00:42:23,CA (Canada)
SAMARTH,2022-01-27 08:45:54,00:05:43,,Seinfeld: Season 3: The Dog (Episode 4),,Netflix Opera Other,00:05:43,Not latest view,CA (Canada)
SAMARTH,2022-01-27 08:45:40,00:00:10,,Seinfeld: Season 3: The Pen (Episode 3),,Netflix Opera Other,00:16:31,00:16:31,CA (Canada)
SAMARTH,2022-01-26 04:53:54,00:08:35,,Arcane: Season 1: Welcome to the Playground (Episode 1),,Chrome PC (Cadmium),00:08:35,00:08:35,CA (Canada)
SAMARTH,2022-01-26 04:53:06,00:00:15,Autoplayed: user action: None; ,Season 1 Teaser: Arcane,TEASER_TRAILER,Chrome PC (Cadmium),00:00:15,00:00:15,CA (Canada)
SAMARTH,2022-01-26 04:52:32,00:00:08,Autoplayed: user action: None; ,Season 1 Teaser 2: Hellbound,TEASER_TRAILER,Chrome PC (Cadmium),00:00:08,00:00:08,CA (Canada)
SAMARTH,2022-01-26 04:50:34,00:00:27,Autoplayed: user action: None; ,This Is the End_hook_primary_16x9,HOOK,Chrome PC (Cadmium),00:00:00,00:00:00,CA (Canada)
SAMARTH,2022-01-26 01:41:32,00:00:05,Autoplayed: user action: None; ,Oats Studios: Volume 1_hook_02_16x9,HOOK,Chrome PC (Cadmium),00:00:12,00:00:12,CA (Canada)
SAMARTH,2022-01-26 01:41:20,00:00:08,Autoplayed: user action: None; ,Oats Studios: Volume 1_hook_02_16x9,HOOK,Chrome PC (Cadmium),00:00:08,Not latest view,CA (Canada)
SAMARTH,2022-01-25 22:01:44,00:40:24,,The Mitchells vs. The Machines,,Chrome PC (Cadmium),01:49:31,01:49:31,CA (Canada)
SAMARTH,2022-01-25 22:00:48,00:00:44,Autoplayed: user action: None; ,PARADISEPD_PT3_CLIP_ACT2CONFLICT,HOOK,Chrome PC (Cadmium),00:00:00,00:00:00,CA (Canada)
SAMARTH,2022-01-25 20:28:28,01:00:21,,The Mitchells vs. The Machines,,Chrome PC (Cadmium),01:01:00,Not latest view,CA (Canada)
SAMARTH,2022-01-25 20:27:22,00:00:56,Autoplayed: user action: None; ,Beautiful Creatures_hook_primary_16x9,HOOK,Chrome PC (Cadmium),00:00:56,00:00:56,CA (Canada)
SAMARTH,2022-01-25 20:26:43,00:00:35,Autoplayed: user action: None; ,Stardust_hook_primary_16x9,HOOK,Chrome PC (Cadmium),00:00:35,00:00:35,CA (Canada)
SAMARTH,2022-01-25 20:23:35,00:00:48,Autoplayed: user action: None; ,Trailer: The Royal Treatment,TRAILER,Chrome PC (Cadmium),00:00:48,00:00:48,CA (Canada)
SAMARTH,2022-01-25 20:22:42,00:00:10,Autoplayed: user action: None; ,Horrible Bosses_hook_primary_16x9,HOOK,Chrome PC (Cadmium),00:00:00,00:00:00,CA (Canada)
SAMARTH,2022-01-25 20:21:34,00:00:42,Autoplayed: user action: None; ,High Context Clip: Neymar: O Caos Perfeito,HOOK,Chrome PC (Cadmium),00:00:00,00:00:00,CA (Canada)
SAMARTH,2022-01-25 08:00:50,01:07:12,,Scary Movie,,Chrome PC (Cadmium),01:28:20,01:28:20,CA (Canada)
SAMARTH,2022-01-25 07:57:48,00:00:06,Autoplayed: user action: None; ,Catch Me If You Can_hook_05_16x9,HOOK,Chrome PC (Cadmium),00:00:06,00:00:06,CA (Canada)
SAMARTH,2022-01-25 04:23:12,00:11:03,,Welcome,,Chrome PC (Cadmium),00:36:54,Not latest view,CA (Canada)
SAMARTH,2022-01-25 04:22:26,00:00:41,Autoplayed: user action: None; ,Daybreak: Season 1 (Thematic Intro - Meta),BUMPER,Chrome PC (Cadmium),00:00:41,00:00:41,CA (Canada)
SAMARTH,2022-01-25 03:55:29,00:19:50,,Welcome,,DefaultWidevineAndroidPhone,00:25:51,Not latest view,CA (Canada)
SAMARTH,2022-01-24 21:04:36,00:00:07,,The Queen's Gambit: Limited Series: Doubled Pawns (Episode 3),,Chrome PC (Cadmium),00:00:14,00:00:14,CA (Canada)
SAMARTH,2022-01-24 19:53:04,00:48:22,,The Queen's Gambit: Limited Series: Exchanges (Episode 2),,Chrome PC (Cadmium),01:02:32,01:02:32,CA (Canada)
SAMARTH,2022-01-24 18:46:17,00:39:12,,The Queen's Gambit: Limited Series: Openings (Episode 1),,Chrome PC (Cadmium),00:56:31,00:56:31,CA (Canada)
SAMARTH,2022-01-24 18:46:08,00:00:08,Autoplayed: user action: None; ,Clip 2: The Queen's Gambit: Season 1,HOOK,Chrome PC (Cadmium),00:00:08,00:00:08,CA (Canada)
SAMARTH,2022-01-24 01:35:30,00:40:45,,Phir Hera Pheri,,Netflix Opera Other,02:29:42,02:29:42,CA (Canada)
SAMARTH,2022-01-24 01:34:01,00:01:26,Autoplayed: user action: None; ,Black Mirror: Season 5 (Franchise Trailer),TRAILER,Netflix Opera Other,00:01:26,00:01:26,CA (Canada)
SAMARTH,2022-01-24 01:10:05,00:08:32,,Phir Hera Pheri,,DefaultWidevineAndroidPhone,01:47:00,Not latest view,CA (Canada)
SAMARTH,2022-01-24 01:09:30,00:00:16,,Phir Hera Pheri,,DefaultWidevineAndroidPhone,01:37:54,Not latest view,CA (Canada)
SAMARTH,2022-01-23 19:43:23,00:20:19,,Phir Hera Pheri,,DefaultWidevineAndroidPhone,01:36:22,Not latest view,CA (Canada)
SAMARTH,2022-01-23 19:42:11,00:00:17,,Phir Hera Pheri,,DefaultWidevineAndroidPhone,01:09:02,Not latest view,CA (Canada)
SAMARTH,2022-01-23 19:41:45,00:00:18,,Phir Hera Pheri,,DefaultWidevineAndroidPhone,01:13:51,Not latest view,CA (Canada)
SAMARTH,2022-01-22 20:32:50,00:18:34,,Phir Hera Pheri,,DefaultWidevineAndroidPhone,01:14:08,Not latest view,CA (Canada)
SAMARTH,2022-01-22 10:54:40,00:00:20,Autoplayed: user action: None; ,Constantine_hook_05_16x9,HOOK,Netflix Opera Other,00:00:20,00:00:20,CA (Canada)
SAMARTH,2022-01-22 10:53:53,00:00:04,,Ala Vaikunthapurramuloo,,Netflix Opera Other,00:00:04,00:00:04,CA (Canada)
SAMARTH,2022-01-22 08:46:10,00:00:04,Autoplayed: user action: None; ,The Mist (Trailer),TRAILER,Netflix Opera Other,00:00:05,00:00:05,CA (Canada)
SAMARTH,2022-01-22 06:21:20,00:31:43,,Sense8: Season 1: Limbic Resonance (Episode 1),,Netflix Opera Other,00:42:21,00:42:21,CA (Canada)
SAMARTH,2022-01-22 05:00:16,00:11:07,,Sense8: Season 1: Limbic Resonance (Episode 1),,Netflix Opera Other,00:11:08,Not latest view,CA (Canada)
SAMARTH,2022-01-22 03:17:26,00:54:35,,Archive 81: Season 1: What Lies Beneath (Episode 8),,Netflix Opera Other,00:56:56,00:56:56,CA (Canada)
SAMARTH,2022-01-22 01:43:50,00:41:35,,Archive 81: Season 1: The Ferryman (Episode 7),,Netflix Opera Other,00:43:35,00:43:35,CA (Canada)
SAMARTH,2022-01-22 01:23:47,00:00:07,Autoplayed: user action: None; ,Main Character Intro Clip: Munich - The Edge of War,HOOK,Netflix Opera Other,00:00:07,00:00:07,CA (Canada)
SAMARTH,2022-01-22 00:16:07,00:53:03,,Archive 81: Season 1: The Circle (Episode 6),,Netflix Opera Other,00:52:42,00:52:42,CA (Canada)
SAMARTH,2022-01-21 22:16:55,00:49:03,,Archive 81: Season 1: Through the Looking Glass (Episode 5),,Netflix Opera Other,00:49:13,00:49:13,CA (Canada)
SAMARTH,2022-01-21 20:40:56,00:44:53,,Archive 81: Season 1: Spirit Receivers (Episode 4),,Netflix Opera Other,00:54:13,00:54:13,CA (Canada)
SAMARTH,2022-01-21 19:20:36,00:09:51,,Archive 81: Season 1: Spirit Receivers (Episode 4),,Netflix Opera Other,00:09:41,Not latest view,CA (Canada)
SAMARTH,2022-01-21 19:20:25,00:00:05,Autoplayed: user action: None; ,Vikings: Season 1_hook_primary_16x9,HOOK,Netflix Opera Other,00:00:05,00:00:05,CA (Canada)
SAMARTH,2022-01-21 19:04:53,00:00:06,Autoplayed: user action: None; ,Vikings: Season 1_hook_primary_16x9,HOOK,Netflix Opera Other,00:00:06,Not latest view,CA (Canada)
SAMARTH,2022-01-21 18:21:12,00:42:25,,Archive 81: Season 1: Terror in the Aisles (Episode 3),,Netflix Opera Other,00:42:31,00:42:31,CA (Canada)
SAMARTH,2022-01-21 17:07:19,00:52:51,,Archive 81: Season 1: Wellspring (Episode 2),,Netflix Opera Other,00:54:04,00:54:04,CA (Canada)
SAMARTH,2022-01-21 17:04:22,00:00:01,,The Witcher: Season 2: A Grain of Truth (Episode 1),,Netflix Opera Other,00:00:01,00:00:01,CA (Canada)
SAMARTH,2022-01-21 17:04:14,00:00:04,Autoplayed: user action: None; ,Season 1 Trailer 3: The Witcher,TRAILER,Netflix Opera Other,00:00:04,00:00:04,CA (Canada)
SAMARTH,2022-01-21 10:07:46,00:52:47,,The Witcher: Season 1: Much More (Episode 8),,Apple iPhone XR,00:57:58,00:57:58,CA (Canada)
SAMARTH,2022-01-21 02:30:35,00:15:42,,Phir Hera Pheri,,DefaultWidevineAndroidPhone,00:55:43,Not latest view,CA (Canada)
SAMARTH,2022-01-20 22:55:59,00:00:51,,Archive 81: Season 1: Wellspring (Episode 2),,Netflix Opera Other,00:01:24,Not latest view,CA (Canada)
SAMARTH,2022-01-20 21:46:07,00:55:37,,Archive 81: Season 1: Mystery Signals (Episode 1),,Netflix Opera Other,00:55:42,00:55:42,CA (Canada)
SAMARTH,2022-01-20 21:44:27,00:01:11,Autoplayed: user action: None; ,Mom: Season 1_hook_primary_16x9,HOOK,Netflix Opera Other,00:00:00,00:00:00,CA (Canada)
SAMARTH,2022-01-20 21:44:12,00:00:09,Autoplayed: user action: None; ,Season 1 Character Intro Clip: Midnight Asia: Eat · Dance · Dream,HOOK,Netflix Opera Other,00:00:09,00:00:09,CA (Canada)
SAMARTH,2022-01-20 19:52:21,00:12:10,,Phir Hera Pheri,,DefaultWidevineAndroidPhone,00:39:24,Not latest view,CA (Canada)
SAMARTH,2022-01-20 06:49:22,00:00:02,,Merlin: Season 1: Lancelot (Episode 5),,Netflix Opera Other,00:00:02,00:00:02,CA (Canada)
SAMARTH,2022-01-20 06:48:55,00:00:15,Autoplayed: user action: None; ,Merlin: Season 1_hook_primary_16x9,HOOK,Netflix Opera Other,00:00:15,00:00:15,CA (Canada)
SAMARTH,2022-01-19 22:52:28,00:27:13,,Phir Hera Pheri,,Netflix Opera Other,00:27:41,Not latest view,CA (Canada)
SAMARTH,2022-01-19 22:44:42,00:06:36,,"Cobra Kai: Season 2: Mercy, Part II (Episode 1)",,Netflix Opera Other,00:11:00,00:11:00,CA (Canada)
SAMARTH,2022-01-19 22:35:09,00:09:08,,The Order: Season 1: Hell Week: Part 1 (Episode 1),,Netflix Opera Other,00:48:04,00:48:04,CA (Canada)
SAMARTH,2022-01-19 22:34:28,00:00:10,Autoplayed: user action: None; ,Season 1 Trailer: Snowpiercer,TRAILER,Netflix Opera Other,00:00:10,00:00:10,CA (Canada)
SAMARTH,2022-01-19 10:17:43,00:00:17,,The Dragon Prince: Season 1: Through the Ice (Episode 6),,Netflix Opera Other,00:12:48,Not latest view,CA (Canada)
SAMARTH,2022-01-19 10:17:32,00:00:04,Autoplayed: user action: None; ,The Dragon Prince: Season 1 (Clip Standard 2),HOOK,Netflix Opera Other,00:00:04,00:00:04,CA (Canada)
SAMARTH,2022-01-19 10:14:33,00:02:08,,EDENS ZERO: Season 1: The Super Virtual Planet (Episode 13),,Netflix Opera Other,00:02:18,Not latest view,CA (Canada)
SAMARTH,2022-01-19 10:13:31,00:00:39,Autoplayed: user action: None; ,Season 3 Character Intro Clip: Too Hot to Handle,HOOK,Netflix Opera Other,00:00:00,00:00:00,CA (Canada)
SAMARTH,2022-01-19 05:50:00,00:01:05,Autoplayed: user action: None; ,Part 1 Trailer: Inside Job,TRAILER,Chrome PC (Cadmium),00:01:05,00:01:05,CA (Canada)
SAMARTH,2022-01-19 02:58:24,00:14:28,,October Faction: Season 1: Presidio (Episode 1),,Chrome PC (Cadmium),00:46:09,00:46:09,CA (Canada)
SAMARTH,2022-01-19 02:58:10,00:00:11,Autoplayed: user action: None; ,October Faction: Season 1_VAR2-RECIPE-2_AGENCY1,TEASER_TRAILER,Chrome PC (Cadmium),00:00:11,00:00:11,CA (Canada)
SAMARTH,2022-01-19 02:58:00,00:00:05,Autoplayed: user action: None; ,Season 1 Informative Clip: The Puppet Master: Hunting the Ultimate Conman,HOOK,Chrome PC (Cadmium),00:00:05,00:00:05,CA (Canada)
SAMARTH,2022-01-19 02:54:05,00:02:24,,Dirk Gently's Holistic Detective Agency: Season 1: Horizons (Episode 1),,Chrome PC (Cadmium),00:24:36,00:24:36,CA (Canada)
SAMARTH,2022-01-19 02:53:53,00:00:06,Autoplayed: user action: None; ,Dirk Gently's Holistic Detective Agency (Trailer),TRAILER,Chrome PC (Cadmium),00:00:07,00:00:07,CA (Canada)
SAMARTH,2022-01-19 02:49:14,00:03:52,,Comedians in Cars Getting Coffee: First Cup: Jimmy Fallon: The Unsinkable Legend - Part 1 (Episode 2),,Chrome PC (Cadmium),00:06:29,00:06:29,CA (Canada)
SAMARTH,2022-01-19 02:38:32,00:10:06,,"Comedians in Cars Getting Coffee: First Cup: Jim Carrey: We Love Breathing What You're Burning, Baby (Episode 1)",,Chrome PC (Cadmium),00:15:06,00:15:06,CA (Canada)
SAMARTH,2022-01-19 02:38:20,00:00:10,Autoplayed: user action: None; ,Comedians in Cars Getting Coffee: New 2018: Freshly Brewed_hook_primary_16x9,HOOK,Chrome PC (Cadmium),00:00:10,00:00:10,CA (Canada)
SAMARTH,2022-01-19 02:34:19,00:01:20,,Seinfeld: Season 3: The Pen (Episode 3),,Chrome PC (Cadmium),00:16:21,Not latest view,CA (Canada)
SAMARTH,2022-01-19 02:32:14,00:00:55,Autoplayed: user action: None; ,MRIGLESIAS_PT3_CLIP_INCITINGINCIDENT,HOOK,Chrome PC (Cadmium),00:00:00,00:00:00,CA (Canada)
SAMARTH,2022-01-19 02:03:55,00:01:52,,"Cobra Kai: Season 2: Mercy, Part II (Episode 1)",,Chrome PC (Cadmium),00:04:14,Not latest view,CA (Canada)
SAMARTH,2022-01-19 01:49:40,00:14:10,,Cobra Kai: Season 1: Mercy (Episode 10),,Chrome PC (Cadmium),00:34:27,00:34:27,CA (Canada)
SAMARTH,2022-01-19 01:03:05,00:18:03,,Cobra Kai: Season 1: Mercy (Episode 10),,DefaultWidevineAndroidPhone,00:19:00,Not latest view,CA (Canada)
SAMARTH,2022-01-19 00:46:44,00:00:33,,Cobra Kai: Season 1: Mercy (Episode 10),,Chrome PC (Cadmium),00:00:44,Not latest view,CA (Canada)
SAMARTH,2022-01-19 00:37:43,00:09:00,,Cobra Kai: Season 1: Different But Same (Episode 9),,Chrome PC (Cadmium),00:29:17,00:29:17,CA (Canada)
SAMARTH,2022-01-18 22:05:55,00:19:25,,Cobra Kai: Season 1: Different But Same (Episode 9),,Chrome PC (Cadmium),00:20:17,Not latest view,CA (Canada)
SAMARTH,2022-01-18 21:20:48,00:27:00,,Cobra Kai: Season 1: Molting (Episode 8),,Chrome PC (Cadmium),00:28:09,00:28:09,CA (Canada)
SAMARTH,2022-01-18 20:53:42,00:26:20,,Cobra Kai: Season 1: All Valley (Episode 7),,Chrome PC (Cadmium),00:27:20,00:27:20,CA (Canada)
SAMARTH,2022-01-18 20:18:48,00:28:38,,Cobra Kai: Season 1: Quiver (Episode 6),,Chrome PC (Cadmium),00:28:38,00:28:38,CA (Canada)
SAMARTH,2022-01-18 09:10:26,00:28:59,,Cobra Kai: Season 1: Counterbalance (Episode 5),,Netflix Opera Other,00:31:37,00:31:37,CA (Canada)
SAMARTH,2022-01-18 08:44:17,00:24:37,,Cobra Kai: Season 1: Cobra Kai Never Dies (Episode 4),,Netflix Opera Other,00:25:56,00:25:56,CA (Canada)
SAMARTH,2022-01-18 08:43:13,00:00:04,Autoplayed: user action: None; ,Season 1 Trailer: Cobra Kai,TRAILER,Netflix Opera Other,00:00:04,00:00:04,CA (Canada)
SAMARTH,2022-01-18 08:42:44,00:00:03,,Cobra Kai: Season 1: Cobra Kai Never Dies (Episode 4),,Netflix Opera Other,00:00:03,Not latest view,CA (Canada)
SAMARTH,2022-01-18 08:10:44,00:20:54,,Cobra Kai: Season 1: Esqueleto (Episode 3),,Netflix Opera Other,00:23:46,00:23:46,CA (Canada)
SAMARTH,2022-01-18 07:42:27,00:25:23,,Cobra Kai: Season 1: Strike First (Episode 2),,Netflix Opera Other,00:25:53,00:25:53,CA (Canada)
SAMARTH,2022-01-18 07:15:32,00:26:52,,Cobra Kai: Season 1: Ace Degenerate (Episode 1),,Netflix Opera Other,00:26:52,00:26:52,CA (Canada)
SAMARTH,2022-01-18 07:15:16,00:00:04,Autoplayed: user action: None; ,Deadly Class: Season 1_hook_01_16x9,HOOK,Netflix Opera Other,00:00:04,Not latest view,CA (Canada)
SAMARTH,2022-01-18 07:15:03,00:00:04,Autoplayed: user action: None; ,Season 1 Main Character Intro Clip: Archive 81,HOOK,Netflix Opera Other,00:00:04,Not latest view,CA (Canada)
SAMARTH,2022-01-18 07:12:43,00:00:06,Autoplayed: user action: None; ,Deadly Class: Season 1_hook_01_16x9,HOOK,Netflix Opera Other,00:00:06,Not latest view,CA (Canada)
SAMARTH,2022-01-18 04:20:41,00:05:29,,The Umbrella Academy: Season 1: Number Five (Episode 5),,Netflix Opera Other,00:58:15,00:58:15,CA (Canada)
SAMARTH,2022-01-18 03:50:34,00:00:01,,The Umbrella Academy: Season 1: Number Five (Episode 5),,Netflix Opera Other,00:52:46,Not latest view,CA (Canada)
SAMARTH,2022-01-18 03:00:00,00:00:19,,The Umbrella Academy: Season 1: Number Five (Episode 5),,Netflix Opera Other,00:52:45,Not latest view,CA (Canada)
SAMARTH,2022-01-18 01:42:00,00:42:13,,The Umbrella Academy: Season 1: Number Five (Episode 5),,Netflix Opera Other,00:52:26,Not latest view,CA (Canada)
SAMARTH,2022-01-18 01:00:20,00:37:26,,The Umbrella Academy: Season 1: Man on the Moon (Episode 4),,Netflix Opera Other,00:55:30,00:55:30,CA (Canada)
SAMARTH,2022-01-18 01:00:11,00:00:02,,The Umbrella Academy: Season 1: Number Five (Episode 5),,Netflix Opera Other,00:00:02,Not latest view,CA (Canada)
SAMARTH,2022-01-18 00:59:10,00:00:47,Autoplayed: user action: None; ,Part 8 Trailer: The Ranch,TRAILER,Netflix Opera Other,00:00:47,00:00:47,CA (Canada)
SAMARTH,2022-01-18 00:58:50,00:00:15,,Chilling Adventures of Sabrina: Part 2: Chapter Fifteen: Doctor Cerberus's House of Horror (Episode 4),,Netflix Opera Other,00:01:50,00:01:50,CA (Canada)
SAMARTH,2022-01-18 00:54:18,00:01:07,,Chilling Adventures of Sabrina: Part 2: Chapter Fourteen: Lupercalia (Episode 3),,Netflix Opera Other,00:33:32,00:33:32,CA (Canada)
SAMARTH,2022-01-18 00:54:14,00:00:01,,Chilling Adventures of Sabrina: Part 2: Chapter Thirteen: The Passion of Sabrina Spellman (Episode 2),,Netflix Opera Other,00:00:01,00:00:01,CA (Canada)
SAMARTH,2022-01-18 00:54:10,00:00:01,,Chilling Adventures of Sabrina: Part 2: Chapter Twelve: The Epiphany (Episode 1),,Netflix Opera Other,00:00:01,00:00:01,CA (Canada)
SAMARTH,2022-01-18 00:54:04,00:00:02,,Chilling Adventures of Sabrina: Part 1: Chapter Eleven: A Midwinter's Tale (Episode 11),,Netflix Opera Other,00:00:09,00:00:09,CA (Canada)
SAMARTH,2022-01-18 00:53:29,00:00:16,Autoplayed: user action: None; ,Part 8 Trailer: The Ranch,TRAILER,Netflix Opera Other,00:00:16,Not latest view,CA (Canada)
SAMARTH,2022-01-18 00:53:16,00:00:05,Autoplayed: user action: None; ,Act 2 Conflict Clip: Four to Dinner,HOOK,Netflix Opera Other,00:00:05,00:00:05,CA (Canada)
SAMARTH,2022-01-17 23:50:36,00:00:07,,Chilling Adventures of Sabrina: Part 1: Chapter Eleven: A Midwinter's Tale (Episode 11),,Netflix Opera Other,00:00:07,Not latest view,CA (Canada)
SAMARTH,2022-01-17 21:55:15,00:15:00,,Seinfeld: Season 3: The Pen (Episode 3),,Chrome PC (Cadmium),00:15:01,Not latest view,CA (Canada)
SAMARTH,2022-01-17 21:43:52,00:11:22,,Seinfeld: Season 3: The Truth (Episode 2),,Chrome PC (Cadmium),00:21:41,00:21:41,CA (Canada)
SAMARTH,2022-01-17 21:42:15,00:01:24,Autoplayed: user action: None; ,Everybody Loves Raymond: Season 1_hook_primary_16x9,HOOK,Chrome PC (Cadmium),00:00:00,00:00:00,CA (Canada)
SAMARTH,2022-01-17 11:02:36,00:10:33,,Seinfeld: Season 3: The Truth (Episode 2),,Netflix Opera Other,00:10:33,Not latest view,CA (Canada)
SAMARTH,2022-01-17 10:40:50,00:21:41,,Seinfeld: Season 3: The Note (Episode 1),,Netflix Opera Other,00:21:51,00:21:51,CA (Canada)
SAMARTH,2022-01-17 10:11:49,00:19:23,,Seinfeld: Season 2: The Busboy (Episode 12),,Netflix Opera Other,00:22:22,00:22:22,CA (Canada)
SAMARTH,2022-01-17 10:10:57,00:00:04,Autoplayed: user action: None; ,Moment of High Emotion Clip: After We Fell,HOOK,Netflix Opera Other,00:00:04,00:00:04,CA (Canada)
SAMARTH,2022-01-16 21:50:38,00:00:08,Autoplayed: user action: None; ,Narcos: Mexico: Season 1 (Thematic 3),TRAILER,Netflix Opera Other,00:00:09,00:00:09,CA (Canada)
SAMARTH,2022-01-16 21:49:25,00:01:09,Autoplayed: user action: None; ,El Chapo: Season 3 (Trailer),TRAILER,Netflix Opera Other,00:01:09,00:01:09,CA (Canada)
SAMARTH,2022-01-16 21:49:12,00:00:09,,Narcos: Mexico: Season 1: 881 Lope de Vega (Episode 9),,Netflix Opera Other,00:00:22,00:00:22,CA (Canada)
SAMARTH,2022-01-16 20:59:41,00:46:39,,Narcos: Mexico: Season 1: Just Say No (Episode 8),,Netflix Opera Other,01:00:44,01:00:44,CA (Canada)
SAMARTH,2022-01-16 19:20:40,01:01:12,,Narcos: Mexico: Season 1: Jefe de Jefes (Episode 7),,Netflix Opera Other,01:01:57,01:01:57,CA (Canada)
SAMARTH,2022-01-16 19:20:11,00:00:09,Autoplayed: user action: None; ,Season 1 Teaser 1: Yeh Kaali Kaali Ankhein,TEASER_TRAILER,Netflix Opera Other,00:00:09,00:00:09,CA (Canada)
SAMARTH,2022-01-16 19:18:23,00:00:05,Autoplayed: user action: None; ,Alexander: Theatrical Cut_hook_primary_16x9,HOOK,Netflix Opera Other,00:00:05,00:00:05,CA (Canada)
SAMARTH,2022-01-16 06:20:41,00:07:31,,Yeh Kaali Kaali Ankhein: Season 1: Teri Baari Hai (Episode 1),,Apple iPhone XR,00:10:51,00:10:51,CA (Canada)
SAMARTH,2022-01-16 06:04:21,00:01:03,Autoplayed: user action: None; ,Season 1 Teaser 1: Yeh Kaali Kaali Ankhein,TEASER_TRAILER,Apple iPhone XR,00:01:03,Not latest view,CA (Canada)
SAMARTH,2022-01-16 06:04:03,00:00:05,Autoplayed: user action: None; ,Season 1 Trailer: The Immortal,TRAILER,Apple iPhone XR,00:00:06,Not latest view,CA (Canada)
SAMARTH,2022-01-16 05:26:20,00:03:52,,The Witcher: Season 1: Before a Fall (Episode 7),,Apple iPhone XR,00:44:38,00:44:38,CA (Canada)
SAMARTH,2022-01-16 02:02:06,00:01:29,Autoplayed: user action: None; ,Drug Lords: Season 2 (Trailer),TRAILER,Netflix Chrome MAC (Cadmium) HTML 5,00:00:00,00:00:00,CA (Canada)
SAMARTH,2022-01-16 01:27:33,00:34:13,,Don't F**k with Cats: Hunting an Internet Killer: Limited Series: Closing the Net (Episode 3),,Netflix Chrome MAC (Cadmium) HTML 5,01:02:35,01:02:35,CA (Canada)
SAMARTH,2022-01-15 06:59:07,00:00:01,,Don't F**k with Cats: Hunting an Internet Killer: Limited Series: Closing the Net (Episode 3),,Netflix Chrome MAC (Cadmium) HTML 5,00:28:22,Not latest view,CA (Canada)
SAMARTH,2022-01-15 05:29:31,00:20:37,,Don't F**k with Cats: Hunting an Internet Killer: Limited Series: Closing the Net (Episode 3),,Netflix Chrome MAC (Cadmium) HTML 5,00:28:21,Not latest view,CA (Canada)
SAMARTH,2022-01-15 05:28:32,00:00:55,Autoplayed: user action: None; ,Season 3 Teaser: After Life,TEASER_TRAILER,Netflix Chrome MAC (Cadmium) HTML 5,00:00:55,00:00:55,CA (Canada)
SAMARTH,2022-01-15 03:43:33,00:08:08,,Don't F**k with Cats: Hunting an Internet Killer: Limited Series: Closing the Net (Episode 3),,Netflix Chrome MAC (Cadmium) HTML 5,00:07:54,Not latest view,CA (Canada)
SAMARTH,2022-01-15 03:38:30,00:41:38,,Narcos: Mexico: Season 1: La Última Frontera (Episode 6),,Netflix Opera Other,00:54:25,00:54:25,CA (Canada)
SAMARTH,2022-01-15 02:55:15,00:12:12,,Narcos: Mexico: Season 1: The Colombian Connection (Episode 5),,Netflix Opera Other,01:03:07,01:03:07,CA (Canada)
SAMARTH,2022-01-15 02:48:44,00:54:37,,Don't F**k with Cats: Hunting an Internet Killer: Limited Series: Killing for Clicks (Episode 2),,Netflix Chrome MAC (Cadmium) HTML 5,00:56:33,00:56:33,CA (Canada)
SAMARTH,2022-01-15 02:46:57,00:00:06,Autoplayed: user action: None; ,Season 1 Genre Specific Moment Clip: Archive 81,HOOK,Netflix Chrome MAC (Cadmium) HTML 5,00:00:06,00:00:06,CA (Canada)
SAMARTH,2022-01-15 02:45:40,00:00:06,,Don't F**k with Cats: Hunting an Internet Killer: Limited Series: Killing for Clicks (Episode 2),,Netflix Chrome MAC (Cadmium) HTML 5,00:00:06,Not latest view,CA (Canada)
SAMARTH,2022-01-15 02:43:12,00:00:16,,Don't F**k with Cats: Hunting an Internet Killer: Limited Series: Killing for Clicks (Episode 2),,Netflix Chrome MAC (Cadmium) HTML 5,00:00:22,Not latest view,CA (Canada)
SAMARTH,2022-01-15 02:19:19,00:22:24,,Don't F**k with Cats: Hunting an Internet Killer: Limited Series: Cat and Mouse (Episode 1),,Netflix Chrome MAC (Cadmium) HTML 5,01:04:37,01:04:37,CA (Canada)
SAMARTH,2022-01-15 01:38:41,00:09:05,,The Witcher: Season 1: Before a Fall (Episode 7),,Apple iPhone XR,00:40:45,Not latest view,CA (Canada)
SAMARTH,2022-01-15 00:58:46,00:45:21,,Don't F**k with Cats: Hunting an Internet Killer: Limited Series: Cat and Mouse (Episode 1),,Netflix Chrome MAC (Cadmium) HTML 5,00:42:45,Not latest view,CA (Canada)
SAMARTH,2022-01-15 00:30:15,00:03:50,,Elite: Season 4: Five Seconds (Episode 2),,Apple iPhone XR,00:45:57,00:45:57,CA (Canada)
SAMARTH,2022-01-15 00:29:48,00:00:02,,Elite: Season 1: Desire (Episode 2),,Apple iPhone XR,00:00:00,00:00:00,CA (Canada)
SAMARTH,2022-01-15 00:25:27,00:00:17,Autoplayed: user action: None; ,Hook 2:  Elite Season 4,HOOK,Apple iPhone XR,00:00:18,00:00:18,CA (Canada)
SAMARTH,2022-01-14 22:50:08,00:21:22,,The Witcher: Season 1: Before a Fall (Episode 7),,Apple iPhone XR,00:21:32,Not latest view,CA (Canada)
SAMARTH,2022-01-14 21:10:24,01:43:52,,Main Hoon Na,,Netflix Opera Other,02:50:21,02:50:21,CA (Canada)
SAMARTH,2022-01-14 21:09:20,00:00:05,Autoplayed: user action: None; ,Raees_hook_primary_16x9,HOOK,Netflix Opera Other,00:00:05,00:00:05,CA (Canada)
SAMARTH,2022-01-14 20:38:38,00:00:05,Autoplayed: user action: None; ,Saaho_hook_01_16x9,HOOK,Netflix Opera Other,00:00:05,00:00:05,CA (Canada)
SAMARTH,2022-01-14 08:46:42,00:03:02,,Narcos: Season 1: Descenso (Episode 1),,Chrome PC (Cadmium),00:02:40,00:02:40,CA (Canada)
SAMARTH,2022-01-14 08:29:12,00:00:07,Autoplayed: user action: None; ,Season 1 Trailer 1: Narcos: Mexico,TRAILER,Chrome PC (Cadmium),00:00:07,00:00:07,CA (Canada)
SAMARTH,2022-01-14 06:20:30,01:41:12,,Kyo Kii... Main Jhuth Nahin Bolta,,Chrome PC (Cadmium),02:28:34,02:28:34,CA (Canada)
SAMARTH,2022-01-14 06:18:24,00:00:08,Autoplayed: user action: None; ,We Are Family_hook_primary_16x9,HOOK,Chrome PC (Cadmium),00:00:08,00:00:08,CA (Canada)
SAMARTH,2022-01-14 06:16:42,00:00:41,Autoplayed: user action: None; ,Hunterrr_hook_03_16x9,HOOK,Chrome PC (Cadmium),00:00:41,00:00:41,CA (Canada)
SAMARTH,2022-01-14 06:11:29,00:00:05,Autoplayed: user action: None; ,Jai Mummy Di_hook_05_16x9,HOOK,Chrome PC (Cadmium),00:00:05,00:00:05,CA (Canada)
SAMARTH,2022-01-14 06:10:45,00:00:04,Autoplayed: user action: None; ,Mimi_hook_01_16x9,HOOK,Chrome PC (Cadmium),00:00:04,00:00:04,CA (Canada)
SAMARTH,2022-01-14 05:15:37,00:34:31,,Narcos: Season 1: Descenso (Episode 1),,Chrome PC (Cadmium),00:41:46,Not latest view,CA (Canada)
SAMARTH,2022-01-14 01:58:30,01:00:49,,Minnal Murali,,Netflix Opera Other,02:33:54,02:33:54,CA (Canada)
SAMARTH,2022-01-14 01:50:40,00:07:19,,Minnal Murali,,Netflix Opera Other,00:07:47,Not latest view,CA (Canada)
SAMARTH,2022-01-14 01:48:14,00:01:21,Autoplayed: user action: None; ,Chandigarh Kare Aashiqiu_hook_04_16x9,HOOK,Netflix Opera Other,00:01:21,00:01:21,CA (Canada)
SAMARTH,2022-01-14 01:47:51,00:00:17,Autoplayed: user action: None; ,Kuch Kuch Hota Hai_hook_03_16x9,HOOK,Netflix Opera Other,00:00:17,00:00:17,CA (Canada)
SAMARTH,2022-01-14 01:47:04,00:00:37,Autoplayed: user action: None; ,Hook 1: Haseen Dillruba,HOOK,Netflix Opera Other,00:00:00,00:00:00,CA (Canada)
SAMARTH,2022-01-14 01:43:50,00:00:54,Autoplayed: user action: None; ,Bareilly Ki Barfi_hook_primary_16x9,HOOK,Netflix Opera Other,00:00:00,00:00:00,CA (Canada)
SAMARTH,2022-01-14 01:42:45,00:00:48,Autoplayed: user action: None; ,Sooryavanshi_hook_01_16x9,HOOK,Netflix Opera Other,00:00:00,00:00:00,CA (Canada)
SAMARTH,2022-01-13 07:07:33,00:01:19,Autoplayed: user action: None; ,Season 1 Trailer: Decoupled,TRAILER,Netflix Chrome MAC (Cadmium) HTML 5,00:01:19,00:01:19,CA (Canada)
SAMARTH,2022-01-13 06:18:18,00:27:59,,Chandigarh Kare Aashiqui,,Chrome PC (Cadmium),01:50:52,01:50:52,CA (Canada)
SAMARTH,2022-01-13 04:53:16,01:18:36,,Chandigarh Kare Aashiqui,,Chrome PC (Cadmium),01:17:23,Not latest view,CA (Canada)
SAMARTH,2022-01-13 04:52:40,00:00:14,Autoplayed: user action: None; ,Dilwale_hook_primary_16x9,HOOK,Chrome PC (Cadmium),00:00:14,00:00:14,CA (Canada)
SAMARTH,2022-01-13 04:51:40,00:00:46,Autoplayed: user action: None; ,Welcome_hook_01_16x9,HOOK,Chrome PC (Cadmium),00:00:00,00:00:00,CA (Canada)
SAMARTH,2022-01-13 04:00:35,00:00:24,Autoplayed: user action: None; ,Book 1 Trailer 1: DOTA: Dragon's Blood,TRAILER,Netflix Chrome MAC (Cadmium) HTML 5,00:00:24,00:00:24,CA (Canada)
SAMARTH,2022-01-13 01:48:18,02:06:21,,Made in China,,Netflix Chrome MAC (Cadmium) HTML 5,02:07:51,02:07:51,CA (Canada)
SAMARTH,2022-01-13 01:47:29,00:00:09,Autoplayed: user action: None; ,Tony Robbins: I Am Not Your Guru (Trailer),TRAILER,Netflix Chrome MAC (Cadmium) HTML 5,00:00:10,00:00:10,CA (Canada)
SAMARTH,2022-01-13 01:47:01,00:00:04,,Don't F**k with Cats: Hunting an Internet Killer: Limited Series: Cat and Mouse (Episode 1),,Netflix Chrome MAC (Cadmium) HTML 5,00:00:04,Not latest view,CA (Canada)
SAMARTH,2022-01-13 01:46:02,00:00:07,Autoplayed: user action: None; ,Teaser 1: Don't Look Up,TEASER_TRAILER,Netflix Chrome MAC (Cadmium) HTML 5,00:00:07,00:00:07,CA (Canada)
SAMARTH,2022-01-13 01:45:29,00:00:11,Autoplayed: user action: None; ,Kuch Kuch Hota Hai_hook_04_16x9,HOOK,Netflix Chrome MAC (Cadmium) HTML 5,00:00:11,00:00:11,CA (Canada)
SAMARTH,2022-01-13 00:22:07,00:00:15,Autoplayed: user action: None; ,The Daily Life of the Immortal King: Season 1_hook_primary_16x9,HOOK,Netflix Chrome MAC (Cadmium) HTML 5,00:00:15,00:00:15,CA (Canada)
SAMARTH,2022-01-12 21:07:32,03:01:47,,Kabhi Khushi Kabhie Gham,,Netflix Chrome MAC (Cadmium) HTML 5,03:28:48,03:28:48,CA (Canada)
SAMARTH,2022-01-12 09:54:47,00:49:09,,Lucifer: Season 5: Bloody Celestial Karaoke Jam (Episode 10),,Chrome PC (Cadmium),00:58:45,00:58:45,CA (Canada)
SAMARTH,2022-01-12 08:10:54,00:00:02,,Lucifer: Season 5: Bloody Celestial Karaoke Jam (Episode 10),,Chrome PC (Cadmium),00:00:12,Not latest view,CA (Canada)
SAMARTH,2022-01-12 07:56:48,00:12:50,,Lucifer: Season 5: Family Dinner (Episode 9),,Chrome PC (Cadmium),00:53:39,00:53:39,CA (Canada)
SAMARTH,2022-01-12 06:13:39,00:21:46,,Lucifer: Season 5: Family Dinner (Episode 9),,Chrome PC (Cadmium),00:38:12,Not latest view,CA (Canada)
SAMARTH,2022-01-12 06:10:30,00:02:19,,Lucifer: Season 5: Spoiler Alert (Episode 8),,Chrome PC (Cadmium),00:57:08,00:57:08,CA (Canada)
SAMARTH,2022-01-12 06:09:41,00:00:14,Autoplayed: user action: None; ,Lucifer: Season 4 (Franchise Trailer),RECAP,Chrome PC (Cadmium),00:00:14,00:00:14,CA (Canada)
SAMARTH,2022-01-12 06:09:09,00:00:28,Autoplayed: user action: None; ,Season 2 Trailer: The Umbrella Academy,TRAILER,Chrome PC (Cadmium),00:00:28,00:00:28,CA (Canada)
SAMARTH,2022-01-12 06:08:02,00:01:03,Autoplayed: user action: None; ,Season 1 Trailer: The Immortal,TRAILER,Chrome PC (Cadmium),00:01:03,Not latest view,CA (Canada)
SAMARTH,2022-01-12 05:53:25,00:00:02,,Community: Season 1: Introduction to Film (Episode 3),,Chrome PC (Cadmium),00:00:02,00:00:02,CA (Canada)
SAMARTH,2022-01-12 05:46:15,00:06:59,,Community: Season 1: Spanish 101 (Episode 2),,Chrome PC (Cadmium),00:14:19,00:14:19,CA (Canada)
SAMARTH,2022-01-12 05:46:07,00:00:04,,Community: Season 1: Community (Episode 1),,Chrome PC (Cadmium),00:00:04,00:00:04,CA (Canada)
SAMARTH,2022-01-12 05:44:53,00:01:12,Autoplayed: user action: None; ,Community: Season 1_hook_04_16x9,HOOK,Chrome PC (Cadmium),00:01:12,00:01:12,CA (Canada)
SAMARTH,2022-01-12 05:44:20,00:00:04,Autoplayed: user action: None; ,The Colony_hook_primary_16x9,HOOK,Chrome PC (Cadmium),00:00:04,00:00:04,CA (Canada)
SAMARTH,2022-01-12 05:44:06,00:00:05,,Tides,,Chrome PC (Cadmium),00:14:05,00:14:05,CA (Canada)
SAMARTH,2022-01-12 05:43:47,00:00:08,Autoplayed: user action: None; ,The Colony_hook_primary_16x9,HOOK,Chrome PC (Cadmium),00:00:08,Not latest view,CA (Canada)
SAMARTH,2022-01-12 05:43:35,00:00:06,,Tides,,Chrome PC (Cadmium),00:00:06,Not latest view,CA (Canada)
SAMARTH,2022-01-12 04:55:38,00:00:53,Autoplayed: user action: None; ,Baazaar_hook_primary_16x9,HOOK,Netflix Chrome MAC (Cadmium) HTML 5,00:00:53,00:00:53,CA (Canada)
SAMARTH,2022-01-12 04:54:13,00:00:10,Autoplayed: user action: None; ,Baazaar_hook_primary_16x9,HOOK,Netflix Chrome MAC (Cadmium) HTML 5,00:00:10,Not latest view,CA (Canada)
SAMARTH,2022-01-12 04:49:17,00:22:50,,Kabhi Khushi Kabhie Gham,,Netflix Chrome MAC (Cadmium) HTML 5,00:24:09,Not latest view,CA (Canada)
SAMARTH,2022-01-12 04:47:33,00:00:02,,Hum Aapke Hain Koun,,Netflix Chrome MAC (Cadmium) HTML 5,00:00:02,00:00:02,CA (Canada)
SAMARTH,2022-01-12 04:46:14,00:00:07,Autoplayed: user action: None; ,Ginny Weds Sunny_CLIP_MUSIC_NON2,HOOK,Netflix Chrome MAC (Cadmium) HTML 5,00:00:07,00:00:07,CA (Canada)
SAMARTH,2022-01-12 04:45:26,00:00:39,Autoplayed: user action: None; ,Sanju_hook_primary_16x9,HOOK,Netflix Chrome MAC (Cadmium) HTML 5,00:00:39,00:00:39,CA (Canada)
SAMARTH,2022-01-12 03:48:30,00:02:04,,Trailer: Dhamaka,TRAILER,Netflix Chrome MAC (Cadmium) HTML 5,00:02:04,00:02:04,CA (Canada)
SAMARTH,2022-01-12 03:46:11,00:01:49,Autoplayed: user action: None; ,Teaser 1: Don't Look Up,TEASER_TRAILER,Netflix Chrome MAC (Cadmium) HTML 5,00:01:49,Not latest view,CA (Canada)
SAMARTH,2022-01-11 06:05:35,00:27:32,,Space Force: Season 1: MARK AND MALLORY GO TO WASHINGTON (Episode 3),,Netflix Opera Other,00:27:37,00:27:37,CA (Canada)
SAMARTH,2022-01-11 05:35:55,00:29:03,,Space Force: Season 1: SAVE EPSILON 6! (Episode 2),,Netflix Opera Other,00:29:23,00:29:23,CA (Canada)
SAMARTH,2022-01-11 04:44:47,00:29:43,,Space Force: Season 1: THE LAUNCH (Episode 1),,Netflix Opera Other,00:34:07,00:34:07,CA (Canada)
SAMARTH,2022-01-11 04:42:42,00:00:30,Autoplayed: user action: None; ,Season 1:30 Product Preview: Space Force,PREVIEW,Netflix Opera Other,00:00:00,00:00:00,CA (Canada)
SAMARTH,2022-01-11 03:57:08,00:02:59,,Seinfeld: Season 2: The Busboy (Episode 12),,Netflix Opera Other,00:02:59,Not latest view,CA (Canada)
SAMARTH,2022-01-11 03:55:40,00:01:27,,Seinfeld: Season 2: The Chinese Restaurant (Episode 11),,Netflix Opera Other,00:22:14,00:22:14,CA (Canada)
SAMARTH,2022-01-11 01:23:41,00:08:46,,The Witcher: Season 1: Rare Species (Episode 6),,Apple iPhone XR,00:57:05,00:57:05,CA (Canada)
SAMARTH,2022-01-10 05:34:22,01:40:55,,Wild Wild West,,Netflix Opera Other,01:41:03,01:41:03,CA (Canada)
SAMARTH,2022-01-10 05:34:09,00:00:10,Autoplayed: user action: None; ,Wild Wild West_hook_primary_16x9,HOOK,Netflix Opera Other,00:00:10,00:00:10,CA (Canada)
SAMARTH,2022-01-10 04:48:25,00:00:04,Autoplayed: user action: None; ,Season 1 Teaser 1: Super Crooks,TEASER_TRAILER,Chrome PC (Cadmium),00:00:04,00:00:04,CA (Canada)
SAMARTH,2022-01-10 04:48:03,00:00:05,,EDENS ZERO: Season 1: The Super Virtual Planet (Episode 13),,Chrome PC (Cadmium),00:00:18,Not latest view,CA (Canada)
SAMARTH,2022-01-10 04:27:37,00:20:22,,EDENS ZERO: Season 1: New Friends (Episode 12),,Chrome PC (Cadmium),00:22:01,00:22:01,CA (Canada)
SAMARTH,2022-01-10 03:46:44,00:19:13,,EDENS ZERO: Season 1: Sister Ivry (Episode 11),,Chrome PC (Cadmium),00:22:01,00:22:01,CA (Canada)
SAMARTH,2022-01-10 03:33:09,00:24:12,,The Witcher: Season 1: Rare Species (Episode 6),,Apple iPhone XR,00:30:58,Not latest view,CA (Canada)
SAMARTH,2022-01-10 03:27:03,00:19:41,,EDENS ZERO: Season 1: The Great Naked Escape (Episode 10),,Chrome PC (Cadmium),00:22:03,00:22:03,CA (Canada)
SAMARTH,2022-01-10 03:06:51,00:19:55,,EDENS ZERO: Season 1: Planet Guilst (Episode 9),,Chrome PC (Cadmium),00:22:01,00:22:01,CA (Canada)
SAMARTH,2022-01-10 02:55:56,00:06:06,,The Witcher: Season 1: Rare Species (Episode 6),,Apple iPhone XR,00:06:06,Not latest view,CA (Canada)
SAMARTH,2022-01-10 02:50:38,00:15:58,,EDENS ZERO: Season 1: Wind Howls on the Highway (Episode 8),,Chrome PC (Cadmium),00:22:01,00:22:01,CA (Canada)
SAMARTH,2022-01-10 02:21:26,00:20:19,,The Witcher: Season 1: Bottled Appetites (Episode 5),,Apple iPhone XR,00:56:31,00:56:31,CA (Canada)
SAMARTH,2022-01-10 02:06:15,00:05:06,,EDENS ZERO: Season 1: Wind Howls on the Highway (Episode 8),,Chrome PC (Cadmium),00:06:36,Not latest view,CA (Canada)
SAMARTH,2022-01-10 01:46:01,00:19:36,,EDENS ZERO: Season 1: Warship of the Demon King (Episode 7),,Chrome PC (Cadmium),00:22:03,00:22:03,CA (Canada)
SAMARTH,2022-01-10 01:15:24,00:19:43,,EDENS ZERO: Season 1: The Skull Fairy (Episode 6),,Chrome PC (Cadmium),00:21:56,00:21:56,CA (Canada)
SAMARTH,2022-01-10 00:17:17,00:00:09,,EDENS ZERO: Season 1: The Skull Fairy (Episode 6),,Chrome PC (Cadmium),00:00:46,Not latest view,CA (Canada)
SAMARTH,2022-01-09 23:57:01,00:19:39,,EDENS ZERO: Season 1: Clash!! The Sibir Family (Episode 5),,Chrome PC (Cadmium),00:22:01,00:22:01,CA (Canada)
SAMARTH,2022-01-09 23:42:34,00:13:28,,EDENS ZERO: Season 1: A Man Named Weisz (Episode 4),,Chrome PC (Cadmium),00:22:01,00:22:01,CA (Canada)
SAMARTH,2022-01-09 23:00:57,00:06:46,,EDENS ZERO: Season 1: A Man Named Weisz (Episode 4),,Chrome PC (Cadmium),00:08:43,Not latest view,CA (Canada)
SAMARTH,2022-01-09 22:40:29,00:20:05,,EDENS ZERO: Season 1: Adventurers (Episode 3),,Chrome PC (Cadmium),00:22:02,00:22:02,CA (Canada)
SAMARTH,2022-01-09 22:40:16,00:00:04,Autoplayed: user action: None; ,Seinfeld: Season 2_hook_primary_16x9,HOOK,Chrome PC (Cadmium),00:00:04,00:00:04,CA (Canada)
SAMARTH,2022-01-09 22:39:58,00:00:04,Autoplayed: user action: None; ,Volume 1 Trailer: Jupiter's Legacy,TRAILER,Chrome PC (Cadmium),00:00:04,00:00:04,CA (Canada)
SAMARTH,2022-01-09 22:37:47,00:00:05,Autoplayed: user action: None; ,Season 1 Main Character Intro Clip: Pretty Smart,HOOK,Chrome PC (Cadmium),00:00:05,00:00:05,CA (Canada)
SAMARTH,2022-01-09 22:37:17,00:00:15,Autoplayed: user action: None; ,Season 1 Main Character Intro Clip: Pretty Smart,HOOK,Chrome PC (Cadmium),00:00:15,Not latest view,CA (Canada)
SAMARTH,2022-01-09 22:34:44,00:02:15,,Fate: The Winx Saga: Season 1: To the Waters and the Wild (Episode 1),,Chrome PC (Cadmium),00:31:22,00:31:22,CA (Canada)
SAMARTH,2022-01-09 22:33:51,00:00:04,Autoplayed: user action: None; ,One Punch Man: Season 1_hook_primary_16x9,HOOK,Chrome PC (Cadmium),00:00:04,00:00:04,CA (Canada)
SAMARTH,2022-01-09 22:32:10,00:00:04,Autoplayed: user action: None; ,Naruto Shippuden: Season 1_hook_03_16x9,HOOK,Chrome PC (Cadmium),00:00:04,00:00:04,CA (Canada)
SAMARTH,2022-01-09 22:31:31,00:00:05,Autoplayed: user action: None; ,Komi Can't Communicate: Season 1_hook_03_16x9,HOOK,Chrome PC (Cadmium),00:00:05,00:00:05,CA (Canada)
SAMARTH,2022-01-09 20:06:25,00:13:07,,Seinfeld: Season 2: The Chinese Restaurant (Episode 11),,Netflix Opera Other,00:20:47,Not latest view,CA (Canada)
SAMARTH,2022-01-09 20:04:44,00:01:22,Autoplayed: user action: None; ,Plot Clip: The Witcher: Nightmare of the Wolf,HOOK,Netflix Opera Other,00:00:00,00:00:00,CA (Canada)
SAMARTH,2022-01-09 19:50:09,00:00:49,Autoplayed: user action: None; ,Plot Clip: The Witcher: Nightmare of the Wolf,HOOK,Netflix Opera Other,00:00:49,Not latest view,CA (Canada)
SAMARTH,2022-01-09 14:32:50,00:10:38,,The Witcher: Season 1: Bottled Appetites (Episode 5),,Apple iPhone XR,00:36:01,Not latest view,CA (Canada)
SAMARTH,2022-01-09 13:05:12,00:00:05,,The Witcher: Season 1: Bottled Appetites (Episode 5),,Apple iPhone XR,00:25:32,Not latest view,CA (Canada)
SAMARTH,2022-01-09 13:04:53,00:00:13,Autoplayed: user action: None; ,Season 2 Plot Clip: The Witcher,HOOK,Apple iPhone XR,00:01:14,00:01:14,CA (Canada)
SAMARTH,2022-01-09 11:59:11,00:01:07,,The Witcher: Season 1: Bottled Appetites (Episode 5),,Apple iPhone XR,00:26:37,Not latest view,CA (Canada)
SAMARTH,2022-01-09 11:58:10,00:00:13,Autoplayed: user action: None; ,Season 4 Villain / Antagonist Clip: Cobra Kai,HOOK,Apple iPhone XR,00:00:13,00:00:13,CA (Canada)
SAMARTH,2022-01-08 03:22:47,00:07:40,,Seinfeld: Season 2: The Chinese Restaurant (Episode 11),,Netflix Opera Other,00:07:40,Not latest view,CA (Canada)
SAMARTH,2022-01-08 03:22:29,00:00:18,,Seinfeld: Season 2: The Baby Shower (Episode 10),,Netflix Opera Other,00:22:11,00:22:11,CA (Canada)
SAMARTH,2022-01-08 01:23:07,00:07:31,,Seinfeld: Season 2: The Baby Shower (Episode 10),,Netflix Opera Other,00:21:53,Not latest view,CA (Canada)
SAMARTH,2022-01-08 00:32:12,00:14:22,,Seinfeld: Season 2: The Baby Shower (Episode 10),,Netflix Opera Other,00:14:22,Not latest view,CA (Canada)
SAMARTH,2022-01-08 00:03:22,00:21:00,,Seinfeld: Season 2: The Deal (Episode 9),,Netflix Opera Other,00:23:00,00:23:00,CA (Canada)
SAMARTH,2022-01-08 00:01:21,00:00:56,Autoplayed: user action: None; ,Chandigarh Kare Aashiqiu_hook_01_16x9,HOOK,Netflix Opera Other,00:00:00,00:00:00,CA (Canada)
SAMARTH,2022-01-07 19:57:39,00:02:00,,Seinfeld: Season 2: The Deal (Episode 9),,DefaultWidevineAndroidPhone,00:02:00,Not latest view,CA (Canada)
SAMARTH,2022-01-07 19:41:29,00:16:09,,Seinfeld: Season 2: The Heart Attack (Episode 8),,DefaultWidevineAndroidPhone,00:22:16,00:22:16,CA (Canada)
SAMARTH,2022-01-07 19:41:24,00:00:01,,Seinfeld: Season 2: The Heart Attack (Episode 8),,DefaultWidevineAndroidPhone,00:06:08,Not latest view,CA (Canada)
SAMARTH,2022-01-07 02:55:37,00:06:10,Autoplayed: user action: None; ,Seinfeld: Season 2: The Heart Attack (Episode 8),,Netflix Opera Other,00:06:10,Not latest view,CA (Canada)
SAMARTH,2022-01-07 02:52:58,00:02:38,,Seinfeld: Season 2: The Revenge (Episode 7),,Netflix Opera Other,00:22:59,00:22:59,CA (Canada)
SAMARTH,2022-01-07 01:58:52,00:09:46,,Seinfeld: Season 2: The Revenge (Episode 7),,Netflix Opera Other,00:20:21,Not latest view,CA (Canada)
SAMARTH,2022-01-06 21:41:35,00:10:35,,Seinfeld: Season 2: The Revenge (Episode 7),,DefaultWidevineAndroidPhone,00:10:35,Not latest view,CA (Canada)
SAMARTH,2022-01-06 21:30:51,00:09:37,,Seinfeld: Season 2: The Statue (Episode 6),,DefaultWidevineAndroidPhone,00:22:16,00:22:16,CA (Canada)
SAMARTH,2022-01-06 18:35:15,00:00:24,Autoplayed: user action: None; ,Season 1 Trailer: SHAMAN KING,TRAILER,Netflix Opera Other,00:00:24,00:00:24,CA (Canada)
SAMARTH,2022-01-06 06:27:28,01:26:19,,The Perfect Date,,Netflix Chrome MAC (Cadmium) HTML 5,01:24:57,01:24:57,CA (Canada)
SAMARTH,2022-01-06 06:26:59,00:00:06,Autoplayed: user action: None; ,The Protege_hook_01_16x9,HOOK,Netflix Chrome MAC (Cadmium) HTML 5,00:00:06,00:00:06,CA (Canada)
SAMARTH,2022-01-06 06:26:12,00:00:09,Autoplayed: user action: None; ,Season 1 Character Intro Clip: Single's Inferno,HOOK,Netflix Chrome MAC (Cadmium) HTML 5,00:00:09,00:00:09,CA (Canada)
SAMARTH,2022-01-06 06:25:19,00:00:04,Autoplayed: user action: None; ,Genre Specific Moment Clip: Meenakshi Sundareshwar,HOOK,Netflix Chrome MAC (Cadmium) HTML 5,00:00:04,00:00:04,CA (Canada)
SAMARTH,2022-01-06 06:25:00,00:00:04,Autoplayed: user action: None; ,Kim's Convenience: Season 1_hook_primary_16x9,HOOK,Netflix Chrome MAC (Cadmium) HTML 5,00:00:04,00:00:04,CA (Canada)
SAMARTH,2022-01-05 18:00:19,00:03:27,,Seinfeld: Season 2: The Statue (Episode 6),,Chrome PC (Cadmium),00:13:16,Not latest view,CA (Canada)
SAMARTH,2022-01-05 09:21:25,00:09:37,,Seinfeld: Season 2: The Statue (Episode 6),,Netflix Opera Other,00:09:37,Not latest view,CA (Canada)
SAMARTH,2022-01-05 08:55:21,00:21:46,,Seinfeld: Season 2: The Apartment (Episode 5),,Netflix Opera Other,00:22:15,00:22:15,CA (Canada)
SAMARTH,2022-01-05 08:37:56,00:17:15,,Seinfeld: Season 2: The Phone Message (Episode 4),,Netflix Opera Other,00:22:13,00:22:13,CA (Canada)
SAMARTH,2022-01-05 08:37:42,00:00:06,Autoplayed: user action: None; ,The 100: Season 1_hook_primary_16x9,HOOK,Netflix Opera Other,00:00:06,00:00:06,CA (Canada)
SAMARTH,2022-01-05 01:36:00,00:01:28,Autoplayed: user action: None; ,DOTADRAGONSBLOOD_S1_CLIP_PLOT,HOOK,Chrome PC (Cadmium),00:00:00,00:00:00,CA (Canada)
SAMARTH,2022-01-04 06:54:04,02:00:58,,The Matrix Revolutions,,Chrome PC (Cadmium),02:09:09,02:09:09,CA (Canada)
SAMARTH,2022-01-04 06:09:09,00:44:23,,The Matrix Reloaded,,Chrome PC (Cadmium),02:07:14,02:07:14,CA (Canada)
SAMARTH,2022-01-03 17:25:34,00:04:48,,Seinfeld: Season 2: The Phone Message (Episode 4),,Netflix Opera Other,00:04:58,Not latest view,CA (Canada)
SAMARTH,2022-01-03 08:42:57,00:00:04,Autoplayed: user action: None; ,Seinfeld: Seinfeld: Season 3_hook_primary_16x9,HOOK,Netflix Opera Other,00:00:05,00:00:05,CA (Canada)
SAMARTH,2022-01-03 08:20:33,00:22:16,,Seinfeld: Season 2: The Jacket (Episode 3),,Netflix Opera Other,00:22:16,00:22:16,CA (Canada)
SAMARTH,2022-01-03 07:48:36,00:22:16,,Seinfeld: Season 2: The Pony Remark (Episode 2),,Netflix Opera Other,00:22:16,00:22:16,CA (Canada)
SAMARTH,2022-01-03 07:23:42,00:22:25,,Seinfeld: Season 2: The Ex-Girlfriend (Episode 1),,Netflix Opera Other,00:22:15,00:22:15,CA (Canada)
SAMARTH,2022-01-03 06:59:00,00:22:42,,Seinfeld: Season 1: The Stock Tip (Episode 5),,Netflix Opera Other,00:22:22,00:22:22,CA (Canada)
SAMARTH,2022-01-03 06:45:19,00:13:39,,Seinfeld: Season 1: Male Unbonding (Episode 4),,Netflix Opera Other,00:22:29,00:22:29,CA (Canada)
SAMARTH,2022-01-03 06:43:06,00:01:39,,Parks and Recreation: Season 1: Pilot (Episode 1),,Netflix Opera Other,00:01:39,00:01:39,CA (Canada)
SAMARTH,2022-01-03 06:42:39,00:00:25,Autoplayed: user action: None; ,Parks and Recreation: Season 1_hook_primary_16x9,HOOK,Netflix Opera Other,00:00:25,00:00:25,CA (Canada)
SAMARTH,2022-01-03 05:38:52,00:00:15,Autoplayed: user action: None; ,The Witcher: Season 1: Four Marks (Episode 2),,Netflix Opera Other,00:00:22,00:00:22,CA (Canada)
SAMARTH,2022-01-03 04:33:11,00:59:01,,The Witcher: Season 1: The End’s Beginning (Episode 1),,Netflix Opera Other,00:59:01,00:59:01,CA (Canada)
SAMARTH,2022-01-02 22:17:39,00:17:07,,Sherlock Holmes: A Game of Shadows,,Chrome PC (Cadmium),00:20:01,00:20:01,CA (Canada)
SAMARTH,2022-01-02 21:32:19,00:00:41,Autoplayed: user action: None; ,Clip 2: Death to 2021,HOOK,Chrome PC (Cadmium),00:00:41,00:00:41,CA (Canada)
SAMARTH,2022-01-02 21:30:06,00:01:51,Autoplayed: user action: None; ,Teaser 1: Don't Look Up,TEASER_TRAILER,Chrome PC (Cadmium),00:01:51,Not latest view,CA (Canada)
SAMARTH,2022-01-02 21:22:20,00:00:07,,Peaky Blinders: Season 3: Episode 5,,Chrome PC (Cadmium),00:00:07,00:00:07,CA (Canada)
SAMARTH,2022-01-02 21:19:24,00:01:56,Autoplayed: user action: None; ,Season 1 Trailer: Call My Agent Bollywood,TRAILER,Chrome PC (Cadmium),00:01:56,00:01:56,CA (Canada)
SAMARTH,2022-01-02 21:18:58,00:00:04,Autoplayed: user action: None; ,Blue Period: Season 1_hook_01_16x9,HOOK,Chrome PC (Cadmium),00:00:04,00:00:04,CA (Canada)
SAMARTH,2022-01-02 21:10:23,00:08:31,,Seinfeld: Season 1: Male Unbonding (Episode 4),,Chrome PC (Cadmium),00:08:31,Not latest view,CA (Canada)
SAMARTH,2022-01-02 20:47:08,00:23:02,,Seinfeld: Season 1: The Robbery (Episode 3),,Chrome PC (Cadmium),00:22:31,00:22:31,CA (Canada)
SAMARTH,2022-01-02 20:40:29,00:06:38,,Seinfeld: Season 1: The Stake Out (Episode 2),,Chrome PC (Cadmium),00:22:29,00:22:29,CA (Canada)
SAMARTH,2022-01-02 20:38:31,00:01:41,Autoplayed: user action: None; ,Final Space (Trailer),TRAILER,Chrome PC (Cadmium),00:00:00,00:00:00,CA (Canada)
SAMARTH,2022-01-02 03:46:00,00:00:04,Autoplayed: user action: None; ,Chilling Adventures of Sabrina: Part 1 (Trailer),TRAILER,Chrome PC (Cadmium),00:00:04,00:00:04,CA (Canada)
SAMARTH,2022-01-02 03:29:10,00:00:05,Autoplayed: user action: None; ,Zone 414_hook_03_16x9,HOOK,Chrome PC (Cadmium),00:00:05,00:00:05,CA (Canada)
SAMARTH,2022-01-02 03:13:09,00:15:51,,Seinfeld: Season 1: The Stake Out (Episode 2),,Chrome PC (Cadmium),00:15:51,Not latest view,CA (Canada)
SAMARTH,2022-01-02 02:49:46,00:22:44,,Seinfeld: Season 1: Seinfeld (Episode 1),,Chrome PC (Cadmium),00:22:44,00:22:44,CA (Canada)
SAMARTH,2022-01-02 02:48:11,00:01:29,Autoplayed: user action: None; ,Seinfeld: Seinfeld: Season 3_hook_primary_16x9,HOOK,Chrome PC (Cadmium),00:01:29,Not latest view,CA (Canada)
SAMARTH,2022-01-02 02:47:39,00:00:08,Autoplayed: user action: None; ,Seinfeld: Seinfeld: Season 3_hook_primary_16x9,HOOK,Chrome PC (Cadmium),00:00:08,Not latest view,CA (Canada)
SAMARTH,2022-01-02 02:46:48,00:00:46,Autoplayed: user action: None; ,Schitt's Creek: Season 1_hook_primary_16x9,HOOK,Chrome PC (Cadmium),00:00:46,00:00:46,CA (Canada)
SAMARTH,2022-01-02 02:43:44,00:00:06,Autoplayed: user action: None; ,Season 1 Trailer: The Immortal,TRAILER,Chrome PC (Cadmium),00:00:06,Not latest view,CA (Canada)
SAMARTH,2022-01-02 02:43:05,00:00:14,Autoplayed: user action: None; ,Parks and Recreation: Season 1_hook_primary_16x9,HOOK,Chrome PC (Cadmium),00:00:14,Not latest view,CA (Canada)
SAMARTH,2022-01-02 00:26:58,00:00:07,Autoplayed: user action: None; ,Marvel's Daredevil: Season 1_VAR2-RECIPE-3_AGENCY2,TEASER_TRAILER,Chrome PC (Cadmium),00:00:07,00:00:07,CA (Canada)
SAMARTH,2022-01-02 00:25:28,00:00:04,Autoplayed: user action: None; ,Season 1 Teaser: Arcane,TEASER_TRAILER,Netflix Opera Other,00:00:04,Not latest view,CA (Canada)
SAMARTH,2022-01-02 00:22:46,00:01:47,Autoplayed: user action: None; ,Season 1 Trailer: Stay Close,TRAILER,Netflix Opera Other,00:00:00,00:00:00,CA (Canada)
SAMARTH,2022-01-02 00:21:51,00:00:31,Autoplayed: user action: None; ,JoJo's Bizarre Adventure: Season 1_hook_primary_16x9,HOOK,Netflix Opera Other,00:00:00,00:00:00,CA (Canada)
SAMARTH,2022-01-02 00:21:12,00:00:03,,EDENS ZERO: Season 1: Adventurers (Episode 3),,Netflix Opera Other,00:00:16,Not latest view,US (United States)
SAMARTH,2022-01-01 23:22:50,00:20:59,,EDENS ZERO: Season 1: A Girl and Her Blue Cat (Episode 2),,Netflix Opera Other,00:22:03,00:22:03,US (United States)
SAMARTH,2022-01-01 23:00:02,00:21:53,,EDENS ZERO: Season 1: Into the Sky Where Cherry Blossoms Flutter (Episode 1),,Netflix Opera Other,00:22:11,00:22:11,US (United States)
SAMARTH,2022-01-01 22:57:42,00:00:05,Autoplayed: user action: None; ,Season 6 Plot Clip:  Lucifer,HOOK,Netflix Opera Other,00:00:05,00:00:05,CA (Canada)
SAMARTH,2022-01-01 22:57:22,00:00:11,Autoplayed: user action: None; ,Season 2 Moment of High Emotion Clip 2: Locke & Key,HOOK,Netflix Opera Other,00:00:11,00:00:11,CA (Canada)
SAMARTH,2022-01-01 22:57:09,00:00:10,Autoplayed: user action: None; ,Season 1 Trailer: The Silent Sea,TRAILER,Netflix Opera Other,00:00:10,00:00:10,CA (Canada)
SAMARTH,2022-01-01 22:56:46,00:00:21,Autoplayed: user action: None; ,Season 3 Main Character Intro Clip: Titans,HOOK,Netflix Opera Other,00:00:21,00:00:21,CA (Canada)
SAMARTH,2022-01-01 22:55:42,00:00:43,Autoplayed: user action: None; ,Genre Specific Moment Clip: Minnal Murali,HOOK,Netflix Opera Other,00:00:00,00:00:00,CA (Canada)
SAMARTH,2022-01-01 18:55:58,00:12:42,,Cowboy Bebop: Season 1: Venus Pop (Episode 2),,Netflix Opera Other,00:14:12,00:14:12,CA (Canada)
SAMARTH,2022-01-01 18:43:27,00:11:38,,Kim's Convenience: Season 2: New TV (Episode 9),,Netflix Opera Other,00:12:07,Not latest view,CA (Canada)
SAMARTH,2021-12-07 05:34:06,00:00:19,Autoplayed: user action: None; ,Cowboy Bebop: Season 1_hook_primary_16x9,HOOK,Netflix Opera Other,00:00:19,00:00:19,CA (Canada)
SAMARTH,2021-12-07 05:33:30,00:00:29,Autoplayed: user action: None; ,Wild Wild West_hook_primary_16x9,HOOK,Netflix Opera Other,00:00:29,Not latest view,CA (Canada)
SAMARTH,2021-12-07 04:27:49,00:47:26,,Cowboy Bebop: Season 1: Cowboy Gospel (Episode 1),,Netflix Opera Other,00:47:05,00:47:05,CA (Canada)
SAMARTH,2021-12-07 04:27:01,00:00:22,Autoplayed: user action: None; ,Clip: Army of the Dead,HOOK,Netflix Opera Other,00:00:22,00:00:22,CA (Canada)
SAMARTH,2021-12-07 04:25:20,00:01:07,Autoplayed: user action: None; ,Marvel's Iron Fist (Trailer),TRAILER,Netflix Opera Other,00:01:07,00:01:07,IN (India)
SAMARTH,2021-12-07 04:19:54,00:00:11,Autoplayed: user action: None; ,The Mortal Instruments: City of Bones_hook_primary_16x9,HOOK,Netflix Opera Other,00:00:11,00:00:11,CA (Canada)
SAMARTH,2021-12-07 04:17:32,00:00:48,Autoplayed: user action: None; ,Villain / Antagonist Clip: Green Snake,HOOK,Netflix Opera Other,00:00:48,00:00:48,CA (Canada)
SAMARTH,2021-12-07 04:17:00,00:00:10,Autoplayed: user action: None; ,Cliffhanger Clip: He's All That,HOOK,Netflix Opera Other,00:00:10,00:00:10,CA (Canada)
SAMARTH,2021-12-07 04:16:49,00:00:08,Autoplayed: user action: None; ,She's All That_hook_primary_16x9,HOOK,Netflix Opera Other,00:00:08,00:00:08,CA (Canada)
SAMARTH,2021-12-07 04:16:01,00:00:35,Autoplayed: user action: None; ,She's the Man_hook_03_16x9,HOOK,Netflix Opera Other,00:00:35,00:00:35,CA (Canada)
SAMARTH,2021-12-07 04:15:30,00:00:08,Autoplayed: user action: None; ,Murder Mystery (Trailer),TRAILER,Netflix Opera Other,00:00:08,00:00:08,CA (Canada)
SAMARTH,2021-12-07 04:14:49,00:00:15,Autoplayed: user action: None; ,The Order: Season 1 Trailer 1,TRAILER,Netflix Opera Other,00:00:15,00:00:15,CA (Canada)
SAMARTH,2021-12-05 17:57:29,00:18:19,,Kim's Convenience: Season 2: Silent Auction (Episode 8),,Netflix Opera Other,00:21:27,00:21:27,CA (Canada)
SAMARTH,2021-12-05 17:24:39,00:14:54,,Kim's Convenience: Season 2: Sneak Attack (Episode 7),,Netflix Opera Other,00:21:30,00:21:30,CA (Canada)
SAMARTH,2021-12-05 16:12:51,00:20:00,,Not Another Teen Movie,,Netflix Opera Other,01:25:17,01:25:17,CA (Canada)
SAMARTH,2021-12-05 08:10:12,01:02:46,,Not Another Teen Movie,,Netflix Opera Other,01:02:39,Not latest view,CA (Canada)
SAMARTH,2021-12-05 08:05:58,00:03:51,,So Undercover,,Netflix Opera Other,00:04:41,00:04:41,CA (Canada)
SAMARTH,2021-12-05 08:05:10,00:00:32,Autoplayed: user action: None; ,So Undercover_hook_04_16x9,HOOK,Netflix Opera Other,00:00:32,00:00:32,CA (Canada)
SAMARTH,2021-12-05 08:04:20,00:00:36,Autoplayed: user action: None; ,Grease_hook_primary_16x9,HOOK,Netflix Opera Other,00:00:36,00:00:36,CA (Canada)
SAMARTH,2021-12-05 08:02:59,00:00:58,Autoplayed: user action: None; ,Not Another Teen Movie_hook_primary_16x9,HOOK,Netflix Opera Other,00:00:58,00:00:58,CA (Canada)
SAMARTH,2021-12-05 08:00:09,00:00:53,Autoplayed: user action: None; ,Villain / Antagonist Clip: Love Hard,HOOK,Netflix Opera Other,00:00:00,00:00:00,CA (Canada)
SAMARTH,2021-12-05 07:58:36,00:00:35,Autoplayed: user action: None; ,Stardust_hook_primary_16x9,HOOK,Netflix Opera Other,00:00:35,Not latest view,CA (Canada)
SAMARTH,2021-12-05 07:57:52,00:00:09,Autoplayed: user action: None; ,Hometown Cha-Cha-Cha: Season 1_hook_primary_16x9,HOOK,Netflix Opera Other,00:00:09,00:00:09,CA (Canada)
SAMARTH,2021-12-05 07:47:46,00:09:38,,Finding ‘Ohana,,Netflix Opera Other,00:09:38,00:09:38,CA (Canada)
SAMARTH,2021-12-05 07:47:08,00:00:34,Autoplayed: user action: None; ,Clip 1: Finding ‘Ohana Floor is Lava,HOOK,Netflix Opera Other,00:00:34,00:00:34,CA (Canada)
SAMARTH,2021-12-05 07:46:41,00:00:12,Autoplayed: user action: None; ,Mamma Mia!_hook_primary_16x9,HOOK,Netflix Opera Other,00:00:12,00:00:12,CA (Canada)
SAMARTH,2021-12-05 07:45:31,00:00:13,Autoplayed: user action: None; ,New Girl: Season 1_hook_primary_16x9,HOOK,Netflix Opera Other,00:00:13,00:00:13,CA (Canada)
SAMARTH,2021-12-05 07:45:24,00:00:04,Autoplayed: user action: None; ,Birds of Prey (And the Fantabulous Emancipation of One Harley Quinn)_hook_03_16x9,HOOK,Netflix Opera Other,00:00:04,00:00:04,CA (Canada)
SAMARTH,2021-12-05 07:45:11,00:00:04,Autoplayed: user action: None; ,Pourris gâtés_hook_primary_16x9,HOOK,Netflix Opera Other,00:00:04,00:00:04,CA (Canada)
SAMARTH,2021-12-05 07:42:52,00:01:06,Autoplayed: user action: None; ,The Intouchables_hook_02_16x9,HOOK,Netflix Opera Other,00:01:06,00:01:06,CA (Canada)
SAMARTH,2021-12-05 07:41:40,00:00:51,Autoplayed: user action: None; ,Izla_hook_04_16x9,HOOK,Netflix Opera Other,00:00:51,00:00:51,CA (Canada)
SAMARTH,2021-12-05 07:40:16,00:00:49,Autoplayed: user action: None; ,Panipat_hook_05_16x9,HOOK,Netflix Opera Other,00:00:49,00:00:49,CA (Canada)
SAMARTH,2021-12-05 07:39:42,00:00:29,Autoplayed: user action: None; ,The Iron Mask_hook_primary_16x9,HOOK,Netflix Opera Other,00:00:29,00:00:29,CA (Canada)
SAMARTH,2021-12-05 07:38:06,00:00:41,Autoplayed: user action: None; ,Trailer: The Last Mercenary,TRAILER,Netflix Opera Other,00:00:41,00:00:41,CA (Canada)
SAMARTH,2021-12-05 07:37:04,00:00:54,Autoplayed: user action: None; ,Genre Specific Moment Clip: Friendzone,HOOK,Netflix Opera Other,00:00:54,00:00:54,CA (Canada)
SAMARTH,2021-12-05 07:36:43,00:00:19,Autoplayed: user action: None; ,Colombiana_hook_primary_16x9,HOOK,Netflix Opera Other,00:00:19,00:00:19,CA (Canada)
SAMARTH,2021-12-05 07:35:52,00:00:44,Autoplayed: user action: None; ,MILF (FR)_hook_05_16x9,HOOK,Netflix Opera Other,00:00:45,00:00:45,CA (Canada)
SAMARTH,2021-12-05 07:35:33,00:00:17,Autoplayed: user action: None; ,Moment of High Emotion Clip: The Summit of the Gods,HOOK,Netflix Opera Other,00:00:17,00:00:17,CA (Canada)
SAMARTH,2021-12-05 07:00:34,00:00:36,Autoplayed: user action: None; ,Teaser: Stuck Together,TEASER_TRAILER,Netflix Opera Other,00:00:36,00:00:36,CA (Canada)
SAMARTH,2021-12-05 06:55:03,00:00:46,Autoplayed: user action: None; ,Comment je suis devenu super-héros (VCEE) Hook 1,HOOK,Netflix Opera Other,00:00:46,00:00:46,CA (Canada)
SAMARTH,2021-12-05 06:53:39,00:01:07,Autoplayed: user action: None; ,Anna_hook_01_16x9,HOOK,Netflix Opera Other,00:01:07,00:01:07,CA (Canada)
SAMARTH,2021-12-05 06:52:54,00:00:42,Autoplayed: user action: None; ,Lucy_hook_primary_16x9,HOOK,Netflix Opera Other,00:00:42,00:00:42,CA (Canada)
SAMARTH,2021-12-05 06:49:10,00:02:34,,Ne Zha_hook_03_16x9,HOOK,Netflix Opera Other,00:02:34,00:02:34,CA (Canada)
SAMARTH,2021-12-05 06:48:32,00:00:09,Autoplayed: user action: None; ,Rurouni Kenshin: The Beginning (Part 0)_hook_01_16x9,HOOK,Netflix Opera Other,00:00:09,00:00:09,CA (Canada)
SAMARTH,2021-12-05 06:47:58,00:00:08,Autoplayed: user action: None; ,Plot Clip: Donde caben dos,TRAILER,Netflix Opera Other,00:00:08,00:00:08,CA (Canada)
SAMARTH,2021-12-05 04:54:21,01:28:39,,Spoiled Brats,,Netflix Opera Other,01:31:58,01:31:58,CA (Canada)
SAMARTH,2021-12-05 04:53:46,00:00:24,Autoplayed: user action: None; ,Pourris gâtés_hook_primary_16x9,HOOK,Netflix Opera Other,00:00:24,Not latest view,CA (Canada)
SAMARTH,2021-12-05 04:52:36,00:00:34,Autoplayed: user action: None; ,Trailer: The Yin-Yang Master: Dream of Eternity,TRAILER,Netflix Opera Other,00:00:34,00:00:34,CA (Canada)
SAMARTH,2021-12-05 04:52:29,00:00:04,Autoplayed: user action: None; ,Villain / Antagonist Clip: Green Snake,HOOK,Netflix Opera Other,00:00:04,Not latest view,CA (Canada)
SAMARTH,2021-12-05 04:52:19,00:00:04,Autoplayed: user action: None; ,Sooryavanshi_hook_03_16x9,HOOK,Netflix Opera Other,00:00:04,00:00:04,CA (Canada)
SAMARTH,2021-12-05 04:51:35,00:00:37,Autoplayed: user action: None; ,Sooryavanshi_hook_03_16x9,HOOK,Netflix Opera Other,00:00:37,Not latest view,CA (Canada)
SAMARTH,2021-12-05 04:50:32,00:00:36,Autoplayed: user action: None; ,Jumanji: The Next Level_hook_05_16x9,HOOK,Netflix Opera Other,00:00:00,00:00:00,CA (Canada)
SAMARTH,2021-11-30 17:49:26,00:00:04,,Ala Vaikunthapurramuloo,,DefaultWidevineAndroidPhone,00:00:00,Not latest view,CA (Canada)
SAMARTH,2021-11-27 09:09:49,00:01:27,,Kim's Convenience: Season 2: Sneak Attack (Episode 7),,Chrome PC (Cadmium),00:01:46,Not latest view,CA (Canada)
SAMARTH,2021-11-27 08:49:05,00:20:42,,Kim's Convenience: Season 2: Resting Place (Episode 6),,Chrome PC (Cadmium),00:21:29,00:21:29,CA (Canada)
SAMARTH,2021-11-27 08:25:22,00:21:03,,Kim's Convenience: Season 2: Date Night (Episode 5),,Chrome PC (Cadmium),00:21:32,00:21:32,CA (Canada)
SAMARTH,2021-11-27 07:50:41,00:21:24,,Kim's Convenience: Season 2: Cardboard Jung (Episode 4),,Chrome PC (Cadmium),00:21:27,00:21:27,CA (Canada)
SAMARTH,2021-11-27 07:23:26,00:09:53,,Kim's Convenience: Season 2: House Guest (Episode 3),,Chrome PC (Cadmium),00:21:25,00:21:25,CA (Canada)
SAMARTH,2021-11-26 04:10:33,00:38:49,,The Untamed: Season 1: Episode 1,,Chrome PC (Cadmium),00:40:42,00:40:42,CA (Canada)
SAMARTH,2021-11-25 22:32:24,00:00:05,Autoplayed: user action: None; ,Trailer 2: Army of Thieves,TRAILER,Chrome PC (Cadmium),00:00:05,00:00:05,CA (Canada)
SAMARTH,2021-11-25 06:32:27,00:00:03,Autoplayed: user action: None; ,Shadow and Bone: Season 1: We’re All Someone’s Monster (Episode 2),,Chrome PC (Cadmium),00:00:24,Not latest view,CA (Canada)
SAMARTH,2021-11-25 06:27:55,00:04:31,,Shadow and Bone: Season 1: A Searing Burst of Light (Episode 1),,Chrome PC (Cadmium),00:46:36,00:46:36,CA (Canada)
SAMARTH,2021-11-25 05:09:33,00:39:04,,Shadow and Bone: Season 1: A Searing Burst of Light (Episode 1),,Chrome PC (Cadmium),00:42:05,Not latest view,CA (Canada)
SAMARTH,2021-11-25 04:58:51,00:10:16,,Kim's Convenience: Season 2: House Guest (Episode 3),,Chrome PC (Cadmium),00:10:54,Not latest view,CA (Canada)
SAMARTH,2021-11-25 04:37:01,00:21:16,,Kim's Convenience: Season 2: Business Award (Episode 2),,Chrome PC (Cadmium),00:21:28,00:21:28,CA (Canada)
SAMARTH,2021-11-25 04:22:53,00:14:07,,Kim's Convenience: Season 2: Janet’s Roommate (Episode 1),,Chrome PC (Cadmium),00:21:31,00:21:31,CA (Canada)
SAMARTH,2021-11-25 04:22:11,00:00:30,Autoplayed: user action: None; ,Supporting Character Clip: True Story,HOOK,Chrome PC (Cadmium),00:00:00,00:00:00,CA (Canada)
SAMARTH,2021-11-24 07:29:05,00:00:03,,Kim's Convenience: Season 2: Janet’s Roommate (Episode 1),,Chrome PC (Cadmium),00:07:24,Not latest view,CA (Canada)
SAMARTH,2021-11-24 07:28:48,00:00:12,Autoplayed: user action: None; ,Season 1 Direct Lift Hook 3: Shadow and Bone,HOOK,Chrome PC (Cadmium),00:00:12,Not latest view,CA (Canada)
SAMARTH,2021-11-24 07:20:25,00:07:07,,Kim's Convenience: Season 2: Janet’s Roommate (Episode 1),,Chrome PC (Cadmium),00:07:21,Not latest view,CA (Canada)
SAMARTH,2021-11-24 06:54:59,00:12:30,,Kim's Convenience: Season 1: Family Singing Contest (Episode 13),,Chrome PC (Cadmium),00:21:32,00:21:32,CA (Canada)
SAMARTH,2021-11-24 06:54:45,00:00:08,Autoplayed: user action: None; ,Plot Clip: Army of Thieves,HOOK,Chrome PC (Cadmium),00:00:08,00:00:08,CA (Canada)
SAMARTH,2021-11-24 04:24:07,00:01:18,,Shadow and Bone: Season 1: A Searing Burst of Light (Episode 1),,Chrome PC (Cadmium),00:01:18,Not latest view,CA (Canada)
SAMARTH,2021-11-24 04:23:46,00:00:08,Autoplayed: user action: None; ,Siempre bruja: Season 1 (Friendship),TRAILER,Chrome PC (Cadmium),00:00:09,00:00:09,CA (Canada)
SAMARTH,2021-11-24 04:17:14,00:00:52,Autoplayed: user action: None; ,Teaser 2: Tiger King 2,TEASER_TRAILER,Chrome PC (Cadmium),00:00:00,00:00:00,CA (Canada)
SAMARTH,2021-11-24 02:47:39,00:08:15,,Kim's Convenience: Season 1: Family Singing Contest (Episode 13),,Chrome PC (Cadmium),00:08:34,Not latest view,CA (Canada)
SAMARTH,2021-11-24 02:18:53,00:21:17,,Kim's Convenience: Season 1: Appa's Lump (Episode 12),,Chrome PC (Cadmium),00:21:31,00:21:31,CA (Canada)
SAMARTH,2021-11-24 01:55:15,00:21:03,,Kim's Convenience: Season 1: Handyman (Episode 11),,Chrome PC (Cadmium),00:21:28,00:21:28,CA (Canada)
SAMARTH,2021-11-24 01:30:20,00:21:17,,Kim's Convenience: Season 1: Janet's New Job (Episode 10),,Chrome PC (Cadmium),00:21:31,00:21:31,CA (Canada)
SAMARTH,2021-11-24 01:18:43,00:11:09,,Jonas Brothers Family Roast,,Chrome PC (Cadmium),00:21:41,00:21:41,CA (Canada)
SAMARTH,2021-11-24 01:17:06,00:00:46,Autoplayed: user action: None; ,Comedy Clip Kenan: Jonas Brothers Family Roast,HOOK,Chrome PC (Cadmium),00:00:00,00:00:00,CA (Canada)
SAMARTH,2021-11-23 08:31:26,00:14:43,,Kim's Convenience: Season 1: Best Before (Episode 9),,Chrome PC (Cadmium),00:21:31,00:21:31,CA (Canada)
SAMARTH,2021-11-23 07:56:15,00:02:34,,Kim's Convenience: Season 1: Best Before (Episode 9),,Chrome PC (Cadmium),00:06:47,Not latest view,CA (Canada)
SAMARTH,2021-11-23 06:48:35,00:03:54,,Kim's Convenience: Season 1: Best Before (Episode 9),,Chrome PC (Cadmium),00:04:13,Not latest view,CA (Canada)
SAMARTH,2021-11-23 06:26:58,00:21:04,,Kim's Convenience: Season 1: Service (Episode 8),,Chrome PC (Cadmium),00:21:29,00:21:29,CA (Canada)
SAMARTH,2021-11-23 02:34:20,00:17:59,,Kim's Convenience: Season 1: Hapkido (Episode 7),,Chrome PC (Cadmium),00:21:30,00:21:30,CA (Canada)
SAMARTH,2021-11-22 07:33:27,00:00:25,Autoplayed: user action: None; ,White Chicks_hook_primary_16x9,HOOK,Chrome PC (Cadmium),00:00:25,00:00:25,CA (Canada)
SAMARTH,2021-11-22 07:31:32,00:00:08,Autoplayed: user action: None; ,Hunter X Hunter (2011): Season 1_hook_primary_16x9,HOOK,Chrome PC (Cadmium),00:00:08,00:00:08,CA (Canada)
SAMARTH,2021-11-22 01:53:51,00:58:15,,"Squid Game: Season 1: Red Light, Green Light (Episode 1)",,Chrome PC (Cadmium),00:55:20,00:55:20,CA (Canada)
SAMARTH,2021-11-22 01:53:19,00:00:25,Autoplayed: user action: None; ,Season 1 Teaser 1: Squid Game,TEASER_TRAILER,Chrome PC (Cadmium),00:00:25,00:00:25,CA (Canada)
SAMARTH,2021-11-22 01:02:53,00:03:11,,Kim's Convenience: Season 1: Hapkido (Episode 7),,Chrome PC (Cadmium),00:03:31,Not latest view,CA (Canada)
SAMARTH,2021-11-22 00:41:38,00:21:14,,Kim's Convenience: Season 1: Rude Kid (Episode 6),,Chrome PC (Cadmium),00:21:29,00:21:29,CA (Canada)
SAMARTH,2021-11-22 00:41:19,00:00:06,Autoplayed: user action: None; ,Kim's Convenience: Season 1_hook_primary_16x9,HOOK,Chrome PC (Cadmium),00:00:07,Not latest view,CA (Canada)
SAMARTH,2021-11-22 00:41:02,00:00:09,Autoplayed: user action: None; ,The Flash: Season 1_hook_primary_16x9,HOOK,Chrome PC (Cadmium),00:00:09,00:00:09,CA (Canada)
SAMARTH,2021-11-21 09:25:43,00:00:22,,Monty Python and the Holy Grail_hook_primary_16x9,HOOK,DefaultWidevineAndroidPhone,00:00:22,00:00:22,CA (Canada)
SAMARTH,2021-11-21 09:25:30,00:00:07,,Monty Python and the Holy Grail - Clip 11,PROMOTIONAL,DefaultWidevineAndroidPhone,00:00:07,00:00:07,CA (Canada)
SAMARTH,2021-11-21 09:25:01,00:00:25,,The Office (U.S.): Season 6 - Clip 2,PROMOTIONAL,DefaultWidevineAndroidPhone,00:00:25,00:00:25,CA (Canada)
SAMARTH,2021-11-21 09:24:44,00:00:16,,Arrested Development: Season 2 - Clip 3,PROMOTIONAL,DefaultWidevineAndroidPhone,00:00:16,00:00:16,CA (Canada)
SAMARTH,2021-11-21 09:24:15,00:00:29,,Modern Family: Season 2 - Clip 1,PROMOTIONAL,DefaultWidevineAndroidPhone,00:00:29,00:00:29,CA (Canada)
SAMARTH,2021-11-21 09:24:04,00:00:10,,Unbreakable Kimmy Schmidt: Season 2 - Clip 2,PROMOTIONAL,DefaultWidevineAndroidPhone,00:00:10,00:00:10,CA (Canada)
SAMARTH,2021-11-21 09:23:50,00:00:13,,Suits: Season 2 - Clip 1,PROMOTIONAL,DefaultWidevineAndroidPhone,00:00:13,00:00:13,CA (Canada)
SAMARTH,2021-11-21 09:23:40,00:00:10,,The Cabin with Bert Kreischer: Season 1 - Clip 2,PROMOTIONAL,DefaultWidevineAndroidPhone,00:00:10,00:00:10,CA (Canada)
SAMARTH,2021-11-21 09:23:25,00:00:14,,Never Have I Ever: Season 1 - Clip 3,PROMOTIONAL,DefaultWidevineAndroidPhone,00:00:14,00:00:14,CA (Canada)
SAMARTH,2021-11-21 09:22:33,00:00:51,,Superstore: Season 3 - Clip 1,PROMOTIONAL,DefaultWidevineAndroidPhone,00:00:51,00:00:51,CA (Canada)
SAMARTH,2021-11-21 09:22:16,00:00:17,,Knocked Up - Clip 1,PROMOTIONAL,DefaultWidevineAndroidPhone,00:00:17,00:00:17,CA (Canada)
SAMARTH,2021-11-21 09:22:07,00:00:08,,Brooklyn Nine-Nine: Season 1 - Clip 5,PROMOTIONAL,DefaultWidevineAndroidPhone,00:00:08,00:00:08,CA (Canada)
SAMARTH,2021-11-21 09:21:50,00:00:09,,Murder Mystery - Clip 2,PROMOTIONAL,DefaultWidevineAndroidPhone,00:00:09,00:00:09,CA (Canada)
SAMARTH,2021-11-21 09:21:42,00:00:07,,The Office (U.S.): Season 3 - Clip 2,PROMOTIONAL,DefaultWidevineAndroidPhone,00:00:07,00:00:07,CA (Canada)
SAMARTH,2021-11-21 09:21:35,00:00:06,,Arrested Development: Season 1 - Clip 5,PROMOTIONAL,DefaultWidevineAndroidPhone,00:00:06,00:00:06,CA (Canada)
SAMARTH,2021-11-21 09:21:22,00:00:12,,Modern Family: Season 1 - Clip 1,PROMOTIONAL,DefaultWidevineAndroidPhone,00:00:12,00:00:12,CA (Canada)
SAMARTH,2021-11-21 09:21:04,00:00:13,,Ginny & Georgia: Season 1 - Clip 5,PROMOTIONAL,DefaultWidevineAndroidPhone,00:00:13,00:00:13,CA (Canada)
SAMARTH,2021-11-21 09:20:55,00:00:08,,Between Two Ferns: The Movie - Clip 2,PROMOTIONAL,DefaultWidevineAndroidPhone,00:00:08,00:00:08,CA (Canada)
SAMARTH,2021-11-21 09:20:31,00:00:24,,Sex Education: Season 1 - Clip 3,PROMOTIONAL,DefaultWidevineAndroidPhone,00:00:24,00:00:24,CA (Canada)
SAMARTH,2021-11-21 09:20:03,00:00:27,,Superstore: Season 2 - Clip 4,PROMOTIONAL,DefaultWidevineAndroidPhone,00:00:27,00:00:27,CA (Canada)
SAMARTH,2021-11-21 09:19:56,00:00:06,,Disenchantment: Part 3 - Clip 2,PROMOTIONAL,DefaultWidevineAndroidPhone,00:00:06,00:00:06,CA (Canada)
SAMARTH,2021-11-21 09:19:34,00:00:21,,Eurovision Song Contest: The Story of Fire Saga - Clip 1,PROMOTIONAL,DefaultWidevineAndroidPhone,00:00:21,00:00:21,CA (Canada)
SAMARTH,2021-11-21 09:19:09,00:00:25,,How I Met Your Mother: Season 5 - Clip 1,PROMOTIONAL,DefaultWidevineAndroidPhone,00:00:25,00:00:25,CA (Canada)
SAMARTH,2021-11-21 09:18:56,00:00:12,,Moxie - Clip 2,PROMOTIONAL,DefaultWidevineAndroidPhone,00:00:12,00:00:12,CA (Canada)
SAMARTH,2021-11-21 09:18:50,00:00:05,,Russian Doll: Season 1 - Clip 4,PROMOTIONAL,DefaultWidevineAndroidPhone,00:00:05,00:00:05,CA (Canada)
SAMARTH,2021-11-21 09:18:40,00:00:09,,Modern Family: Season 2 - Clip 2,PROMOTIONAL,DefaultWidevineAndroidPhone,00:00:09,00:00:09,CA (Canada)
SAMARTH,2021-11-21 09:17:39,00:00:35,Autoplayed: user action: None; ,How I Met Your Mother: Season 1_hook_primary_16x9,HOOK,Chrome PC (Cadmium),00:00:00,00:00:00,CA (Canada)
SAMARTH,2021-11-21 08:40:53,00:18:47,,Kim's Convenience: Season 1: Wingman (Episode 5),,Chrome PC (Cadmium),00:21:26,00:21:26,CA (Canada)
SAMARTH,2021-11-21 08:20:03,00:20:49,,Kim's Convenience: Season 1: Frank & Nayoung (Episode 4),,Chrome PC (Cadmium),00:21:32,00:21:32,CA (Canada)
SAMARTH,2021-11-21 08:19:18,00:00:34,Autoplayed: user action: None; ,Part 1 Clip Genre Specific Moment: Inside Job,HOOK,Chrome PC (Cadmium),00:00:00,00:00:00,CA (Canada)
SAMARTH,2021-11-20 19:20:50,00:21:10,,Kim's Convenience: Season 1: Ddong Chim (Episode 3),,Chrome PC (Cadmium),00:21:28,00:21:28,CA (Canada)
SAMARTH,2021-11-20 18:59:11,00:20:55,,Kim's Convenience: Season 1: Janet's Photos (Episode 2),,Chrome PC (Cadmium),00:21:33,00:21:33,CA (Canada)
SAMARTH,2021-11-20 08:16:31,00:21:14,,Kim's Convenience: Season 1: Gay Discount (Episode 1),,Chrome PC (Cadmium),00:21:27,00:21:27,CA (Canada)
SAMARTH,2021-11-20 08:15:59,00:00:06,Autoplayed: user action: None; ,Part 1 Clip Genre Specific Moment: Inside Job,HOOK,Chrome PC (Cadmium),00:00:06,Not latest view,CA (Canada)
SAMARTH,2021-11-20 08:14:37,00:00:08,Autoplayed: user action: None; ,Season 1 Supporting Character Clip: Call My Agent,HOOK,Chrome PC (Cadmium),00:00:08,00:00:08,CA (Canada)
SAMARTH,2021-11-19 21:38:55,00:00:07,Autoplayed: user action: None; ,Kim's Convenience: Season 1_hook_primary_16x9,HOOK,Chrome PC (Cadmium),00:00:07,Not latest view,JP (Japan)
SAMARTH,2021-11-19 21:36:11,00:00:23,Autoplayed: user action: None; ,Seinfeld: Seinfeld: Season 9_hook_primary_16x9,HOOK,Chrome PC (Cadmium),00:00:23,00:00:23,US (United States)
SAMARTH,2021-11-19 21:32:37,00:00:14,Autoplayed: user action: None; ,Money Heist (Trailer),TRAILER,Chrome PC (Cadmium),00:00:14,00:00:14,GB (United Kingdom)
SAMARTH,2021-11-19 21:30:52,00:00:24,Autoplayed: user action: None; ,Trailer 2: 6 Underground,TRAILER,Chrome PC (Cadmium),00:00:24,00:00:24,BR (Brazil)
SAMARTH,2021-11-19 21:24:56,00:01:39,Autoplayed: user action: None; ,Trailer: Dhamaka,TRAILER,Chrome PC (Cadmium),00:01:39,Not latest view,CA (Canada)
SAMARTH,2021-11-17 23:54:13,00:00:05,Autoplayed: user action: None; ,Season 5 Genre Specific Moment Clip: Big Mouth,HOOK,Chrome PC (Cadmium),00:00:05,00:00:05,CA (Canada)
SAMARTH,2021-11-17 03:07:43,00:01:07,Autoplayed: user action: None; ,Season 1 Trailer: Call My Agent Bollywood,TRAILER,Chrome PC (Cadmium),00:01:07,Not latest view,CA (Canada)
SAMARTH,2021-11-17 03:07:08,00:00:06,Autoplayed: user action: None; ,Season 3 Supporting Character Clip: Narcos: Mexico,HOOK,Chrome PC (Cadmium),00:00:06,00:00:06,CA (Canada)
SAMARTH,2021-11-17 03:06:28,00:00:05,Autoplayed: user action: None; ,One Piece: East Blue_hook_04_16x9,HOOK,Chrome PC (Cadmium),00:00:05,00:00:05,CA (Canada)
SAMARTH,2021-11-17 03:05:27,00:00:56,Autoplayed: user action: None; ,Season 5 Trailer: Big Mouth,TRAILER,Chrome PC (Cadmium),00:00:56,00:00:56,CA (Canada)
SAMARTH,2021-11-17 03:04:47,00:00:37,Autoplayed: user action: None; ,Kim's Convenience: Season 1_hook_primary_16x9,HOOK,Chrome PC (Cadmium),00:00:37,Not latest view,CA (Canada)
SAMARTH,2021-11-17 03:03:27,00:00:37,Autoplayed: user action: None; ,Kim's Convenience: Season 1_hook_primary_16x9,HOOK,Chrome PC (Cadmium),00:00:37,Not latest view,CA (Canada)
SAMARTH,2021-11-17 03:02:23,00:00:47,Autoplayed: user action: None; ,Seinfeld: Seinfeld: Season 3_hook_primary_16x9,HOOK,Chrome PC (Cadmium),00:01:29,Not latest view,CA (Canada)
SAMARTH,2021-11-17 03:01:38,00:00:42,Autoplayed: user action: None; ,Seinfeld: Seinfeld: Season 3_hook_primary_16x9,HOOK,Chrome PC (Cadmium),00:00:42,Not latest view,CA (Canada)
SAMARTH,2021-11-17 02:59:25,00:00:04,Autoplayed: user action: None; ,Season 1 Genre Specific Moment Clip: Arcane,HOOK,Chrome PC (Cadmium),00:00:42,00:00:42,CA (Canada)
SAMARTH,2021-11-17 02:58:08,00:00:40,Autoplayed: user action: None; ,Season 6 Plot Clip:  Lucifer,HOOK,Chrome PC (Cadmium),00:00:37,Not latest view,CA (Canada)
SAMARTH,2021-11-14 22:41:54,01:49:31,,Red Notice,,Chrome PC (Cadmium),01:57:35,01:57:35,CA (Canada)
SAMARTH,2021-11-13 21:44:48,00:05:16,,Comedy Premium League: Season 1: Episode 3,,Chrome PC (Cadmium),00:06:52,00:06:52,CA (Canada)
SAMARTH,2021-11-11 22:01:03,00:38:35,,Comedy Premium League: Season 1: Episode 2,,Chrome PC (Cadmium),00:39:10,00:39:10,CA (Canada)
SAMARTH,2021-11-11 21:03:50,00:40:34,,Comedy Premium League: Season 1: Episode 1,,Chrome PC (Cadmium),00:47:13,00:47:13,CA (Canada)
SAMARTH,2021-11-11 17:55:04,01:11:11,,The Package,,Chrome PC (Cadmium),01:27:42,01:27:42,CA (Canada)
SAMARTH,2021-11-11 17:54:52,00:00:09,Autoplayed: user action: None; ,The Package (Trailer),TRAILER,Chrome PC (Cadmium),00:00:10,00:00:10,CA (Canada)
SAMARTH,2021-11-11 17:54:31,00:00:12,Autoplayed: user action: None; ,She's the Man_hook_04_16x9,HOOK,Chrome PC (Cadmium),00:00:12,00:00:12,CA (Canada)
SAMARTH,2021-11-11 17:53:55,00:00:25,Autoplayed: user action: None; ,Clueless_hook_primary_16x9,HOOK,Chrome PC (Cadmium),00:00:25,00:00:25,CA (Canada)
SAMARTH,2021-11-11 17:50:28,00:02:36,,Murder Mystery (Trailer),TRAILER,Chrome PC (Cadmium),00:02:36,Not latest view,CA (Canada)
SAMARTH,2021-11-11 17:48:59,00:00:50,Autoplayed: user action: None; ,Main Character Intro Clip: Meenakshi Sundareshwar,HOOK,Chrome PC (Cadmium),00:00:50,00:00:50,CA (Canada)
SAMARTH,2021-11-11 17:48:12,00:00:27,Autoplayed: user action: None; ,Straight Outta Compton_hook_primary_16x9,HOOK,Chrome PC (Cadmium),00:00:27,00:00:27,CA (Canada)
SAMARTH,2021-11-11 17:45:50,00:01:01,Autoplayed: user action: None; ,Family Guy: Season 18_hook_01_16x9,HOOK,Chrome PC (Cadmium),00:00:00,00:00:00,CA (Canada)
Saksham,2022-02-19 00:36:39,00:04:00,,Dostana,,Netflix Chrome MAC (Cadmium) HTML 5,01:48:30,01:48:30,CA (Canada)
Saksham,2022-02-18 23:42:16,00:08:19,,Dostana,,Netflix Chrome MAC (Cadmium) HTML 5,01:44:30,Not latest view,CA (Canada)
Saksham,2022-02-15 22:27:04,00:00:33,,Dostana,,Netflix Chrome MAC (Cadmium) HTML 5,01:36:11,Not latest view,CA (Canada)
Saksham,2022-02-15 22:26:48,00:00:05,Autoplayed: user action: None; ,Season 1 Plot Clip: All of Us Are Dead,HOOK,Netflix Chrome MAC (Cadmium) HTML 5,00:00:05,00:00:05,CA (Canada)
Saksham,2022-02-05 07:45:21,00:00:04,Autoplayed: user action: None; ,Main Character Intro Clip: Looop Lapeta,HOOK,Netflix Chrome MAC (Cadmium) HTML 5,00:00:04,00:00:04,CA (Canada)
Saksham,2022-01-19 04:19:24,00:08:55,,Dostana,,Netflix Chrome MAC (Cadmium) HTML 5,01:35:38,Not latest view,CA (Canada)
Saksham,2022-01-19 02:33:45,00:00:08,Autoplayed: user action: None; ,Season 1 Main Character Intro Clip: Yeh Kaali Kaali Ankhein,HOOK,Chrome PC (Cadmium),00:00:08,00:00:08,CA (Canada)
Saksham,2022-01-18 19:29:31,00:00:23,,Dostana,,Netflix Chrome MAC (Cadmium) HTML 5,01:26:42,Not latest view,CA (Canada)
Saksham,2022-01-18 08:55:00,01:20:38,,Dostana,,Netflix Chrome MAC (Cadmium) HTML 5,01:26:21,Not latest view,CA (Canada)
Saksham,2022-01-18 08:54:27,00:00:22,Autoplayed: user action: None; ,Dil Dhadakne Do_hook_05_16x9,HOOK,Netflix Chrome MAC (Cadmium) HTML 5,00:00:22,00:00:22,CA (Canada)
Saksham,2022-01-18 08:53:19,00:00:13,Autoplayed: user action: None; ,Money Heist (Trailer),TRAILER,Netflix Chrome MAC (Cadmium) HTML 5,00:00:13,00:00:13,CA (Canada)
Triansh,2022-01-21 23:36:15,00:10:21,,The Witcher: Season 2: A Grain of Truth (Episode 1),,Apple iPhone XR,00:10:20,00:10:20,CA (Canada)
Triansh,2022-01-21 17:04:48,00:02:02,,Season 1 Trailer: The Witcher,TRAILER,Netflix Opera Other,00:02:02,00:02:02,CA (Canada)
Triansh,2022-01-21 11:32:42,00:01:47,,The Witcher: Season 2: A Grain of Truth (Episode 1),,Apple iPhone XR,00:40:44,Not latest view,CA (Canada)
